"","baseMean","log2FoldChange","lfcSE","stat","pvalue","padj","gene","type"
"ENSG00000198930.13",111.301169226647,10.6105240126821,0.477521299770213,22.2200015324719,2.20062547959573e-109,9.98978548551811e-108,"CSAG1","protein_coding"
"ENSG00000117148.8",955.345592280665,10.1979326533816,0.366363686274021,27.835544393322,1.61173034819547e-170,2.07093691011354e-168,"ACTL8","protein_coding"
"ENSG00000197172.10",367.327416609826,9.82903970515259,0.618185366490547,15.8998259065113,6.35410847757572e-57,7.83897418527283e-56,"MAGEA6","protein_coding"
"ENSG00000147381.11",687.469401404533,9.45984595052313,0.605452931177324,15.6244118467279,4.96481605280173e-55,5.79719222122294e-54,"MAGEA4","protein_coding"
"ENSG00000221867.9",428.146394886206,9.16548021651876,0.618044151826673,14.8298146490498,9.39921245793917e-50,9.18240072727279e-49,"MAGEA3","protein_coding"
"ENSG00000275216.2",238.34599670189,8.87971686263193,0.472885217200086,18.7777425465063,1.14860694327169e-78,2.52393890925875e-77,"AL161431.1","lncRNA"
"ENSG00000179059.10",208.50476458925,8.07214072043291,0.46537669128856,17.3453911025976,2.13718640118686e-67,3.52409137735674e-66,"ZFP42","protein_coding"
"ENSG00000107807.13",315.916322401417,7.98067759133296,0.315635959089087,25.2844372180054,4.73781866824801e-141,4.09315137595307e-139,"TLX1","protein_coding"
"ENSG00000105141.6",2834.34059747094,7.95419959729573,0.386526902384519,20.5786441984389,4.26442525983714e-94,1.39347447822523e-92,"CASP14","protein_coding"
"ENSG00000196611.5",2602.40682511552,7.82890859873183,0.251131363915053,31.1745553270678,2.35786129787295e-213,4.73508516534433e-211,"MMP1","protein_coding"
"ENSG00000130287.14",374.349796265679,7.4058590531022,0.356681002083347,20.7632562705755,9.30433962888506e-96,3.15951618036182e-94,"NCAN","protein_coding"
"ENSG00000029559.7",141.029447242126,7.32788255827261,0.250671402956488,29.2330216843467,7.38139027873709e-188,1.1537797876929e-185,"IBSP","protein_coding"
"ENSG00000204019.5",273.350268657188,7.22179945081439,0.352721933404168,20.4744836282672,3.63580867311145e-93,1.16545731716101e-91,"CT83","protein_coding"
"ENSG00000229314.5",541.769149360094,7.1239717893665,0.37729876857365,18.8815134920746,1.61880179251304e-79,3.63349708039715e-78,"ORM1","protein_coding"
"ENSG00000103355.13",404.229205472119,7.11907488031162,0.321282531759736,22.1583004881058,8.67638462818818e-109,3.89781759207671e-107,"PRSS33","protein_coding"
"ENSG00000143556.9",2174.18592061006,7.11514188739702,0.354921265575603,20.0470993921929,2.1396183122973e-89,6.19101008607857e-88,"S100A7","protein_coding"
"ENSG00000184697.7",251.170584440138,6.95825633570452,0.312286621018036,22.2816344581815,5.56882938929801e-110,2.55475313768643e-108,"CLDN6","protein_coding"
"ENSG00000230257.5",361.820207904508,6.84724214934289,0.362943465999405,18.8658642207217,2.17683129815839e-79,4.86442389722587e-78,"NFE4","lncRNA"
"ENSG00000102854.16",5038.89697612637,6.8399477336975,0.283023350083367,24.1674325870382,4.89677038015099e-129,3.32936468627127e-127,"MSLN","protein_coding"
"ENSG00000155622.7",166.984004433216,6.77079927118606,0.487403431734896,13.8915707816944,7.12553341648477e-44,5.78358338654936e-43,"XAGE2","protein_coding"
"ENSG00000145681.11",599.223011659354,6.70585912650249,0.28595638611301,23.4506360136064,1.30230054360039e-121,7.39531117680493e-120,"HAPLN1","protein_coding"
"ENSG00000107159.13",866.173083978556,6.65449982167332,0.227696530637797,29.2253017779126,9.25229751904857e-188,1.43880343573143e-185,"CA9","protein_coding"
"ENSG00000110148.10",234.853363000977,6.56073939929885,0.296470146900411,22.1295110752001,1.64349444558118e-108,7.32901846585351e-107,"CCKBR","protein_coding"
"ENSG00000143452.16",719.91535760705,6.50509690912665,0.243737539882884,26.6889413598428,6.32572393660745e-157,7.00077564429504e-155,"HORMAD1","protein_coding"
"ENSG00000228278.5",444.09978128871,6.42523168883764,0.310323057162758,20.704976767059,3.12385469654637e-95,1.04787355993443e-93,"ORM2","protein_coding"
"ENSG00000187533.14",105.236421343874,6.39701057717781,0.457260983743693,13.9898456343337,1.79801769363751e-44,1.48604765717808e-43,"PRR27","protein_coding"
"ENSG00000189001.11",747.038831487704,6.34248966878355,0.323582169282935,19.6008626891854,1.52024690982341e-85,3.98099890271891e-84,"SBSN","protein_coding"
"ENSG00000204710.2",105.350035838137,6.18116309190234,0.327270734284879,18.8870022411531,1.45899266766298e-79,3.27965112336636e-78,"SPDYC","protein_coding"
"ENSG00000130294.17",2483.03345707833,6.17703654001685,0.266280289426796,23.1974982200663,4.82581044367038e-119,2.66553508003389e-117,"KIF1A","protein_coding"
"ENSG00000137745.12",1114.50190751608,6.17623230968474,0.265709917645842,23.2442671481946,1.62572879962905e-119,9.02904764101673e-118,"MMP13","protein_coding"
"ENSG00000184330.12",100.392429787093,6.15235724828534,0.450192286756192,13.6660654330962,1.61916402385471e-42,1.25928519772686e-41,"S100A7A","protein_coding"
"ENSG00000136928.7",514.92798001843,6.13397101559788,0.236130428376611,25.9770460663148,9.00010800922964e-149,8.77553939780963e-147,"GABBR2","protein_coding"
"ENSG00000157851.17",241.560564669781,6.03377832507027,0.325797541953048,18.5200240888859,1.42373326836694e-76,2.97132055264687e-75,"DPYSL5","protein_coding"
"ENSG00000123500.10",2669.51642090946,6.01575944671426,0.192557505617809,31.2413656762589,2.92469117715141e-214,5.99245508486077e-212,"COL10A1","protein_coding"
"ENSG00000185686.18",2363.01480105867,6.01407192104081,0.251847086949409,23.8798550099923,4.960028547633e-126,3.08845802214421e-124,"PRAME","protein_coding"
"ENSG00000163207.7",179.884332316669,5.96857608523019,0.384129160329399,15.5379406242213,1.92056505840901e-54,2.19853585621725e-53,"IVL","protein_coding"
"ENSG00000156219.17",1492.33975781232,5.96704394479398,0.239350667089251,24.9301329190319,3.50756799591865e-137,2.76988260177701e-135,"ART3","protein_coding"
"ENSG00000170373.8",243.671719000906,5.94100505523788,0.338968318557432,17.5267266289705,8.95803299548155e-69,1.53297625595363e-67,"CST1","protein_coding"
"ENSG00000159184.8",236.629037892328,5.87209780052681,0.344053695389526,17.0673876758644,2.59556755013098e-65,4.0508487076774e-64,"HOXB13","protein_coding"
"ENSG00000166396.13",417.335469065435,5.87036065548517,0.289610998503951,20.2698125617114,2.37559872405289e-91,7.23269635624296e-90,"SERPINB7","protein_coding"
"ENSG00000007372.24",201.387269035142,5.85351859049643,0.271004679426539,21.5993266348124,1.82252596760381e-103,7.26232292268306e-102,"PAX6","protein_coding"
"ENSG00000166535.20",2745.14439550395,5.81905026550006,0.219993582341758,26.4510000862672,3.55335424431011e-154,3.76754944421188e-152,"A2ML1","protein_coding"
"ENSG00000272620.2",939.452571204134,5.79026785832167,0.252705107124545,22.9131414248306,3.43648146438222e-116,1.78744191982721e-114,"AFAP1-AS1","lncRNA"
"ENSG00000099953.10",11574.6633643954,5.77714733305005,0.179334331586819,32.2143968861491,1.10956342842437e-227,2.58818472334927e-225,"MMP11","protein_coding"
"ENSG00000159263.16",391.480547773172,5.68551624051543,0.226341949934848,25.1191449139321,3.07285483168876e-139,2.5184121598954e-137,"SIM2","protein_coding"
"ENSG00000112280.17",339.517322819516,5.64723380134493,0.313468540424719,18.0153127765022,1.47743610672981e-72,2.8018619449953e-71,"COL9A1","protein_coding"
"ENSG00000203688.6",627.386541977312,5.60603499387671,0.245691780777602,22.8173485337356,3.08442277129448e-115,1.56932946504587e-113,"LINC02487","lncRNA"
"ENSG00000060718.22",5350.9721855211,5.59207687048191,0.188613938735735,29.6482694119277,3.57031513268997e-193,5.8522289774968e-191,"COL11A1","protein_coding"
"ENSG00000174502.19",234.179243536823,5.57624570941255,0.249471045862998,22.3522761534212,1.14742983317443e-110,5.33660464128552e-109,"SLC26A9","protein_coding"
"ENSG00000287853.1",461.494841871525,5.57340553427651,0.246098112722565,22.6470876701099,1.49042692054284e-113,7.34889527455954e-112,"AL031668.2","lncRNA"
"ENSG00000139219.19",7817.90020841191,5.4011776705191,0.336489830004771,16.0515331784099,5.57692043908795e-58,7.12061201662749e-57,"COL2A1","protein_coding"
"ENSG00000268089.3",117.748795397865,5.33189258644569,0.262178755019876,20.3368598117017,6.06943358259452e-92,1.87614173250353e-90,"GABRQ","protein_coding"
"ENSG00000175063.17",3286.23712483011,5.3000498198197,0.12527537387051,42.3071961876406,0,0,"UBE2C","protein_coding"
"ENSG00000148798.11",141.611396509529,5.26524558174793,0.277605425702066,18.9666522850988,3.2175608325313e-80,7.34155866709399e-79,"INA","protein_coding"
"ENSG00000258910.3",427.302608155165,5.25339405057657,0.209638042227097,25.0593546608572,1.38056127101405e-138,1.1163770661928e-136,"LINC01956","lncRNA"
"ENSG00000169245.6",6140.37759787707,5.1646626609783,0.198774954051434,25.9824618530255,7.81721164171375e-149,7.64674599430089e-147,"CXCL10","protein_coding"
"ENSG00000170454.6",113.288362123625,5.13060344501219,0.300672698487205,17.063748956344,2.76243848460671e-65,4.30021481556539e-64,"KRT75","protein_coding"
"ENSG00000138083.5",477.048034596246,5.12498895169406,0.251069073578704,20.4126652424497,1.29051942175764e-92,4.08067893069642e-91,"SIX3","protein_coding"
"ENSG00000169436.17",1367.06518071618,5.07692772315357,0.21076172362078,24.0884712647748,3.30166616401529e-128,2.19080360519912e-126,"COL22A1","protein_coding"
"ENSG00000165474.8",2855.26413204059,5.06308531863228,0.195678063959939,25.8745677270644,1.28767866250527e-147,1.22791093590597e-145,"GJB2","protein_coding"
"ENSG00000157766.19",995.008471798266,5.05927065908439,0.229162220050451,22.0772457954481,5.23004035460826e-108,2.28853887031949e-106,"ACAN","protein_coding"
"ENSG00000163993.7",2625.39635900138,5.05121226827265,0.258084584744345,19.5719255114609,2.68348826076881e-85,6.98490111755823e-84,"S100P","protein_coding"
"ENSG00000269404.7",854.58533121777,5.03864494052354,0.256057752005004,19.6777676171471,3.34411443002011e-86,8.91097767802546e-85,"SPIB","protein_coding"
"ENSG00000230838.1",143.46893078455,5.03095340080072,0.194890634421666,25.814238922922,6.13696566537327e-147,5.81554208864935e-145,"LINC01614","lncRNA"
"ENSG00000109255.11",197.210683348896,5.03067119272868,0.210263008803784,23.9256121243051,1.65828464553504e-126,1.05200467764026e-124,"NMU","protein_coding"
"ENSG00000183072.10",163.271166232654,5.02871232493522,0.317439710120998,15.84147214291,1.6100686590564e-56,1.96711208772064e-55,"NKX2-5","protein_coding"
"ENSG00000240280.7",179.311449231265,5.02303363547388,0.224428420024178,22.3814507758543,5.96712719610783e-111,2.7923945230675e-109,"TCAM1P","transcribed_unitary_pseudogene"
"ENSG00000105143.12",106.624579059596,4.99832699558969,0.313309743448873,15.9533085073217,2.7019541335901e-57,3.37177189905293e-56,"SLC1A6","protein_coding"
"ENSG00000101057.16",4976.4467109404,4.99423578349808,0.129530216817014,38.5565307171019,0,0,"MYBL2","protein_coding"
"ENSG00000117399.14",4177.92275727293,4.98192687064489,0.1096314310989,45.4425051347785,0,0,"CDC20","protein_coding"
"ENSG00000224853.3",115.262053506649,4.9630628246563,0.275449152588278,18.0180725844335,1.4055565745524e-72,2.67223182236533e-71,"LINC00393","lncRNA"
"ENSG00000117650.13",1616.59692984336,4.94778082223557,0.121544933090912,40.7074214976512,0,0,"NEK2","protein_coding"
"ENSG00000169248.13",1281.0114414342,4.94171347737527,0.196780741040661,25.1127902621028,3.60550732145862e-139,2.93907000042772e-137,"CXCL11","protein_coding"
"ENSG00000206073.11",108.520328301567,4.92919277041307,0.390617769935218,12.6189670562877,1.65984127485832e-36,1.05321253021142e-35,"SERPINB4","protein_coding"
"ENSG00000136231.14",193.939086139174,4.90671412351511,0.238777904489742,20.5492804453601,7.81124041119668e-94,2.53877871628219e-92,"IGF2BP3","protein_coding"
"ENSG00000144481.17",282.412664037999,4.89219691317592,0.269123734847816,18.1782439811277,7.67523787993375e-74,1.50448554279968e-72,"TRPM8","protein_coding"
"ENSG00000143228.13",1436.78535895879,4.85800397415049,0.106162092093399,45.7602509366197,0,0,"NUF2","protein_coding"
"ENSG00000105255.11",117.288859110473,4.8492193876423,0.233499593373054,20.7675710162581,8.50519035191251e-96,2.89462842010544e-94,"FSD1","protein_coding"
"ENSG00000280916.2",747.743826846601,4.84664252872473,0.168772442706595,28.7170254278445,2.33879688298371e-181,3.39338165931091e-179,"FOXCUT","lncRNA"
"ENSG00000165304.8",1852.04474171108,4.84353695751957,0.112368147113085,43.1041810509265,0,0,"MELK","protein_coding"
"ENSG00000111206.13",3759.46758449742,4.8059473842647,0.124300630075721,38.6639020360318,0,0,"FOXM1","protein_coding"
"ENSG00000151790.9",385.774672697399,4.78469173693112,0.200997425726216,23.804741377377,2.9827553309582e-125,1.8309528877728e-123,"TDO2","protein_coding"
"ENSG00000006377.11",137.754694538592,4.77165341184982,0.248792799767694,19.1792263132424,5.5195549674682e-82,1.32731946735532e-80,"DLX6","protein_coding"
"ENSG00000090889.12",1938.44287667967,4.74064290872765,0.110303265201749,42.9782645151695,0,0,"KIF4A","protein_coding"
"ENSG00000183856.11",3105.02647348749,4.73154095679369,0.119218095210104,39.6881106719167,0,0,"IQGAP3","protein_coding"
"ENSG00000178999.13",1325.82258309991,4.73072795159587,0.113589476183808,41.6475901688349,0,0,"AURKB","protein_coding"
"ENSG00000197472.15",189.980553448358,4.72578851096619,0.140296441688648,33.6843076993633,9.81284968462789e-249,2.75523012811719e-246,"ZNF695","protein_coding"
"ENSG00000227036.8",889.28570681817,4.72569021228032,0.147007011118954,32.1460192701722,1.00391584546651e-226,2.30626849226715e-224,"LINC00511","lncRNA"
"ENSG00000230798.5",115.656616571781,4.72441658641361,0.213112538190557,22.1686467935041,6.8952303651887e-109,3.10684941447225e-107,"FOXD3-AS1","lncRNA"
"ENSG00000092758.18",2834.12698908087,4.72221442740801,0.229740593164945,20.5545496438135,7.00774853768059e-94,2.28007474953462e-92,"COL9A3","protein_coding"
"ENSG00000186185.14",1015.79768632717,4.68703796550836,0.120949582169022,38.7519979933325,0,0,"KIF18B","protein_coding"
"ENSG00000088325.16",6480.12628476534,4.67038541560315,0.0969943193986608,48.1511231230686,0,0,"TPX2","protein_coding"
"ENSG00000185269.12",137.118431456817,4.6697050050166,0.248869127437869,18.7636974223828,1.49620365706169e-78,3.27587579037824e-77,"NOTUM","protein_coding"
"ENSG00000131668.14",324.244764927332,4.6664724947337,0.289905234653386,16.0965444460256,2.69755252232155e-58,3.48384082993521e-57,"BARX1","protein_coding"
"ENSG00000130487.9",3362.71153925991,4.66100235804169,0.236459446875451,19.7116352069315,1.71339874910573e-86,4.60612621169169e-85,"KLHDC7B","protein_coding"
"ENSG00000115163.15",761.316078802972,4.65237912102376,0.107181721699592,43.4064600498152,0,0,"CENPA","protein_coding"
"ENSG00000147889.18",2623.9621495591,4.64383515842481,0.175513685322291,26.4585359819519,2.91027503752816e-154,3.09653263992996e-152,"CDKN2A","protein_coding"
"ENSG00000123485.12",1272.6799999961,4.63281954326926,0.106539839766659,43.4843862485239,0,0,"HJURP","protein_coding"
"ENSG00000105880.7",427.979298334647,4.63131341482044,0.2114127516623,21.9064998606057,2.25241730768322e-106,9.5930200053632e-105,"DLX5","protein_coding"
"ENSG00000102109.9",574.118702037882,4.60626171364637,0.240967592422674,19.1156896549253,1.86932623279146e-81,4.43895447793018e-80,"PCSK1N","protein_coding"
"ENSG00000127564.17",951.615062398575,4.60579574200483,0.129138394454388,35.66558002726,1.35133700548483e-278,5.12224291929025e-276,"PKMYT1","protein_coding"
"ENSG00000066279.18",2640.5186102494,4.60170546436751,0.129470453754692,35.5425143800483,1.08438226289147e-276,4.0596058938174e-274,"ASPM","protein_coding"
"ENSG00000176887.7",1858.73007702225,4.59712552718764,0.203443711811488,22.5965476458046,4.68607477999868e-113,2.29194405852709e-111,"SOX11","protein_coding"
"ENSG00000089685.15",3778.64308751603,4.59443203216876,0.132112147503311,34.7767568614659,5.46342014704369e-265,1.78142744665541e-262,"BIRC5","protein_coding"
"ENSG00000101447.15",1563.32647223066,4.59151263553133,0.109054950154192,42.1027438831473,0,0,"FAM83D","protein_coding"
"ENSG00000111981.5",182.89051993557,4.58999297640402,0.16117605917934,28.4781313042079,2.18585745354538e-178,3.02666399184064e-176,"ULBP1","protein_coding"
"ENSG00000026559.14",827.277485298501,4.58973059923277,0.202793904626493,22.6324879324463,2.07557857087916e-113,1.01844408710905e-111,"KCNG1","protein_coding"
"ENSG00000142945.13",2339.51608987697,4.58614105245281,0.10050887015154,45.629217058536,0,0,"KIF2C","protein_coding"
"ENSG00000118193.12",999.704049450373,4.57144477312503,0.125939554560831,36.2987211529079,1.69485421454934e-288,6.85263456026588e-286,"KIF14","protein_coding"
"ENSG00000138180.16",2008.68750291314,4.56326146886912,0.108704638258312,41.9785350651326,0,0,"CEP55","protein_coding"
"ENSG00000174371.17",1207.88650335797,4.56137803594978,0.115445295742948,39.5111641976838,0,0,"EXO1","protein_coding"
"ENSG00000163064.7",2900.16485089799,4.55885570453011,0.184850469530632,24.6623972127626,2.70953183114904e-134,2.01381968744518e-132,"EN1","protein_coding"
"ENSG00000154839.10",726.893912812365,4.55838489970987,0.104055091839226,43.8074179661765,0,0,"SKA1","protein_coding"
"ENSG00000166851.15",2082.53739898031,4.55236437047865,0.0971629756897226,46.8528710464368,0,0,"PLK1","protein_coding"
"ENSG00000259439.2",259.51257144661,4.54584532569328,0.249580595604296,18.2139373242807,4.001102942521e-74,7.88365468674508e-73,"LINC01833","lncRNA"
"ENSG00000211896.7",268036.461932053,4.53503994882248,0.248281221484274,18.2657388332115,1.55099354676626e-74,3.09423212579868e-73,"IGHG1","IG_C_gene"
"ENSG00000011426.11",3824.34768468521,4.53145225756254,0.114205567566063,39.6780328151803,0,0,"ANLN","protein_coding"
"ENSG00000123407.4",298.79949975899,4.52996922576511,0.299702722924273,15.1148751054548,1.29215846526172e-51,1.34697192508066e-50,"HOXC12","protein_coding"
"ENSG00000205426.10",13826.4815526356,4.51630299612087,0.291226690217601,15.5078608789131,3.06935165366648e-54,3.49774594309592e-53,"KRT81","protein_coding"
"ENSG00000203805.11",236.224418515712,4.51390215079712,0.18633141124212,24.2251272649448,1.2094950233729e-129,8.33561979289996e-128,"PLPP4","protein_coding"
"ENSG00000248538.8",393.893477763694,4.4952553415069,0.199078394514899,22.58032747582,6.76457124787572e-113,3.29259805008962e-111,"AC022784.1","lncRNA"
"ENSG00000069482.7",511.288131714905,4.49447018094975,0.188872126777347,23.7963656026815,3.6420482817727e-125,2.22664258259023e-123,"GAL","protein_coding"
"ENSG00000105173.14",1101.24579915624,4.49433778682668,0.119559816043015,37.5907051011997,3.04951977976807e-309,1.54122729669478e-306,"CCNE1","protein_coding"
"ENSG00000024526.17",1064.07486053306,4.46850337409632,0.112442388889022,39.7403809919642,0,0,"DEPDC1","protein_coding"
"ENSG00000261040.7",169.846535751251,4.46648011615558,0.206748735470513,21.6034216895736,1.66791751819737e-103,6.65499089760753e-102,"WFDC21P","transcribed_unitary_pseudogene"
"ENSG00000184661.14",1081.83616671576,4.4628920004569,0.120715978791497,36.9701844373503,3.45230015168526e-299,1.56250074327916e-296,"CDCA2","protein_coding"
"ENSG00000080986.13",1475.51001225224,4.44960554948417,0.10168151434969,43.7602210976288,0,0,"NDC80","protein_coding"
"ENSG00000088386.17",529.023194447696,4.4449308851605,0.254089070319296,17.4935934063393,1.60321933290786e-68,2.72664178637678e-67,"SLC15A1","protein_coding"
"ENSG00000143546.10",5523.52365721836,4.44322569254189,0.262174427892304,16.947593738498,2.00493197236849e-64,3.0459697960973e-63,"S100A8","protein_coding"
"ENSG00000179455.10",219.307204624717,4.43704827841293,0.23501316103698,18.8799991406215,1.66588764979041e-79,3.73365684347704e-78,"MKRN3","protein_coding"
"ENSG00000065328.17",1331.57426799272,4.43637820553605,0.11138104499749,39.8306390969489,0,0,"MCM10","protein_coding"
"ENSG00000111665.12",1342.12246701527,4.43312087551468,0.102712677703694,43.1604060435791,0,0,"CDCA3","protein_coding"
"ENSG00000181617.6",23544.7437137499,4.42619890793601,0.344455127096901,12.8498563666055,8.61700907354451e-38,5.71277182217236e-37,"FDCSP","protein_coding"
"ENSG00000169679.15",2274.12839680475,4.41131947878353,0.106629185073178,41.370657346355,0,0,"BUB1","protein_coding"
"ENSG00000129195.16",738.491804178577,4.41088179051003,0.116744779453118,37.7822615381388,2.22237216725567e-312,1.22529479272475e-309,"PIMREG","protein_coding"
"ENSG00000186832.9",13418.2552999113,4.40877612178717,0.228424952185957,19.3007641222928,5.29208434674283e-83,1.3057539929262e-81,"KRT16","protein_coding"
"ENSG00000152977.10",574.005333013089,4.40698044076646,0.204398661498697,21.5607108601078,4.20104958245092e-103,1.66308913235302e-101,"ZIC1","protein_coding"
"ENSG00000205420.11",6377.33473186356,4.3815625324936,0.329637800007662,13.2920512525922,2.5742310146435e-40,1.85638481065516e-39,"KRT6A","protein_coding"
"ENSG00000112984.12",2297.32998986499,4.3815045024394,0.114319887228166,38.3267042040949,2.20353278045196e-321,1.33639816543599e-318,"KIF20A","protein_coding"
"ENSG00000262406.3",988.388321049504,4.35998858580462,0.234729958819823,18.5744870732556,5.16967109773277e-77,1.09320157857496e-75,"MMP12","protein_coding"
"ENSG00000135451.13",914.751816815635,4.35791742349231,0.111714125125019,39.0095470793454,0,0,"TROAP","protein_coding"
"ENSG00000126787.13",1387.10952336332,4.30374964191944,0.114827059614692,37.4802738689024,1.93062192270555e-307,9.59740642362671e-305,"DLGAP5","protein_coding"
"ENSG00000134690.11",2156.22917582216,4.29607742650052,0.0904284948829963,47.5080054363299,0,0,"CDCA8","protein_coding"
"ENSG00000115009.13",196.616187012289,4.27924143897673,0.213845415712959,20.0109103331011,4.42493783702909e-89,1.27307224829289e-87,"CCL20","protein_coding"
"ENSG00000237649.8",2935.42415440768,4.27310711736089,0.0967626175813304,44.1607226444581,0,0,"KIFC1","protein_coding"
"ENSG00000117724.13",8899.86957480296,4.26538830784056,0.108217045195892,39.4151244854214,0,0,"CENPF","protein_coding"
"ENSG00000164611.13",1924.53961573148,4.26264827988126,0.104074848356553,40.9575257345343,0,0,"PTTG1","protein_coding"
"ENSG00000174871.11",343.645716855506,4.25608953950275,0.152469882898941,27.914296637348,1.78936878889403e-171,2.31883842540268e-169,"CNIH2","protein_coding"
"ENSG00000167656.5",1136.21993225196,4.24974889238496,0.303338883535639,14.0099048392708,1.35586531337129e-44,1.12459682064198e-43,"LY6D","protein_coding"
"ENSG00000168078.10",974.02027737018,4.24686850573675,0.121041969216396,35.0859171676585,1.105387989312e-269,3.76626802111202e-267,"PBK","protein_coding"
"ENSG00000109674.4",243.640474634771,4.24264507317641,0.123688001412361,34.3011854402265,7.53435549881627e-258,2.23991957005985e-255,"NEIL3","protein_coding"
"ENSG00000131650.14",142.57724229011,4.23365323402274,0.178776546386654,23.6812564041051,5.6257180494338e-124,3.35155744854677e-122,"KREMEN2","protein_coding"
"ENSG00000169607.13",785.113931003288,4.23361121054945,0.112409107817962,37.6625283549574,2.04050438634006e-310,1.06683198295476e-307,"CKAP2L","protein_coding"
"ENSG00000163220.11",18335.3907962985,4.22715868310074,0.251837467813322,16.7852651942727,3.12828804379999e-63,4.61392055642952e-62,"S100A9","protein_coding"
"ENSG00000229754.1",225.758948536143,4.22475773064071,0.239392789588935,17.647806928083,1.0578498365105e-69,1.85530586711072e-68,"CXCR2P1","transcribed_unprocessed_pseudogene"
"ENSG00000129810.15",334.116165618943,4.21699475439066,0.108073373709517,39.019738254172,0,0,"SGO1","protein_coding"
"ENSG00000109205.16",325.330530584028,4.21698876657047,0.363953889917764,11.5866017190345,4.81873993411515e-31,2.51806771949178e-30,"ODAM","protein_coding"
"ENSG00000285417.1",103.971956081156,4.18976682148408,0.250579365289663,16.7203185970275,9.32195483076812e-63,1.36099642892736e-61,"BX571818.1","transcribed_unitary_pseudogene"
"ENSG00000115507.10",494.216040478775,4.18732374214012,0.163664888666285,25.5847407239443,2.25571064689934e-144,2.0603063149571e-142,"OTX1","protein_coding"
"ENSG00000158477.7",160.479836085853,4.17543353901538,0.262125159982478,15.9291597162763,3.97665083103002e-57,4.9259787500063e-56,"CD1A","protein_coding"
"ENSG00000236264.5",141.580522300114,4.17181976793822,0.253175357293444,16.4779851109397,5.28159323357228e-61,7.36024968818225e-60,"RPL26P30","transcribed_processed_pseudogene"
"ENSG00000172548.14",171.516951397542,4.16848150384605,0.222764840076424,18.7124750136331,3.91752141909535e-78,8.47324675553834e-77,"NIPAL4","protein_coding"
"ENSG00000155918.8",107.65202093058,4.16734295501486,0.219442143664465,18.9906227009288,2.03896358283078e-80,4.67343398985341e-79,"RAET1L","protein_coding"
"ENSG00000112742.10",1536.41045511255,4.16029956834588,0.103645968336553,40.1395214412662,0,0,"TTK","protein_coding"
"ENSG00000157456.8",2055.16938029391,4.14628749796534,0.0973637258746025,42.5855467292353,0,0,"CCNB2","protein_coding"
"ENSG00000103257.9",13319.6832008584,4.13329225943406,0.132091358216796,31.2911632920775,6.15459592488108e-215,1.27830114264448e-212,"SLC7A5","protein_coding"
"ENSG00000075218.19",1046.98314436675,4.13265377414406,0.103158942218592,40.0610328611846,0,0,"GTSE1","protein_coding"
"ENSG00000146197.9",2077.22401125018,4.12510296488408,0.214273529063997,19.2515752314512,1.36935351706583e-82,3.34333945664286e-81,"SCUBE3","protein_coding"
"ENSG00000165480.16",818.527774613368,4.11205302830491,0.108435978930773,37.9214820473018,1.13918781847708e-314,6.39717248286797e-312,"SKA3","protein_coding"
"ENSG00000100427.16",285.383424352495,4.11109766417187,0.27831974574943,14.7711318616721,2.24903979480156e-49,2.16232982680921e-48,"MLC1","protein_coding"
"ENSG00000146670.10",2238.13623247871,4.10912788822334,0.0931724012742285,44.1024147926508,0,0,"CDCA5","protein_coding"
"ENSG00000168334.9",153.99320621522,4.1057501903761,0.213645623008146,19.2175722234176,2.63828869489008e-82,6.41053416537235e-81,"XIRP1","protein_coding"
"ENSG00000280081.4",127.614277402845,4.0931328025572,0.32282243319088,12.67920807764,7.71069543940939e-37,4.94960051872672e-36,"LINC01667","transcribed_processed_pseudogene"
"ENSG00000106327.13",257.376803913133,4.09235761222799,0.161897865925252,25.2774030642098,5.66147290684352e-141,4.8772302394069e-139,"TFR2","protein_coding"
"ENSG00000171848.16",3516.92099660944,4.08813443758456,0.120747744610149,33.8568182021427,2.88056573254826e-251,8.16357712839191e-249,"RRM2","protein_coding"
"ENSG00000186007.10",232.58953495156,4.07283733362693,0.217215081427299,18.7502511651802,1.92678912958783e-78,4.20042800615537e-77,"LEMD1","protein_coding"
"ENSG00000253755.1",10239.1473285423,4.07110552142065,0.244326495735238,16.6625625647751,2.45285942571832e-62,3.53687633026544e-61,"IGHGP","IG_C_pseudogene"
"ENSG00000188505.5",2162.20345502868,4.07109420240076,0.234670035107599,17.3481637761469,2.03650367845416e-67,3.363558689839e-66,"NCCRP1","protein_coding"
"ENSG00000231764.10",100.462646557551,4.05291040165073,0.234488607709073,17.2840396863933,6.20461003616308e-67,1.00668054968758e-65,"DLX6-AS1","lncRNA"
"ENSG00000129173.13",415.069577478345,4.04706186176219,0.128970933978653,31.3796429700358,3.83596069362664e-216,8.30869086239531e-214,"E2F8","protein_coding"
"ENSG00000069011.16",1540.8467685266,4.03747824714276,0.185458857250292,21.7702098837687,4.44590192864236e-105,1.83425210998845e-103,"PITX1","protein_coding"
"ENSG00000177398.18",144.109375922619,4.03444327151399,0.211699038580693,19.0574473014254,5.69882315635532e-81,1.33341908482499e-79,"UMODL1","protein_coding"
"ENSG00000176092.16",217.215981677873,4.02585402292673,0.167405511686901,24.0485153825539,8.65173200079943e-128,5.67868227688835e-126,"CRYBG2","protein_coding"
"ENSG00000148773.14",7695.24292001047,4.02481948167461,0.126582540311141,31.7960081365215,7.35003542112029e-222,1.63884172139744e-219,"MKI67","protein_coding"
"ENSG00000179750.16",743.92864506529,4.01311879639956,0.190979789676831,21.013316661362,4.95501810951959e-98,1.77397838433379e-96,"APOBEC3B","protein_coding"
"ENSG00000077152.11",1592.98292825544,4.01130381377135,0.0975452390945218,41.122497120381,0,0,"UBE2T","protein_coding"
"ENSG00000093009.11",879.583078138165,3.9962206153341,0.104749867330893,38.1501257916678,1.8926963200274e-318,1.08290798357472e-315,"CDC45","protein_coding"
"ENSG00000161888.11",785.773344282256,3.99378721053899,0.10062004758319,39.6917642802448,0,0,"SPC24","protein_coding"
"ENSG00000107105.15",342.781580239598,3.9914864140512,0.20726310365152,19.2580654430528,1.20808397110606e-82,2.95912264457352e-81,"ELAVL2","protein_coding"
"ENSG00000171201.12",753.171877864101,3.98613473916038,0.626606197851212,6.36146714288787,1.99835660792459e-10,4.34520047172704e-10,"SMR3B","protein_coding"
"ENSG00000109805.10",1268.34007468983,3.98567293242058,0.106578880078771,37.3964610012305,4.4607171116559e-306,2.14709183641037e-303,"NCAPG","protein_coding"
"ENSG00000145386.11",1767.33630346118,3.98334316588682,0.102431328847545,38.8879380039623,0,0,"CCNA2","protein_coding"
"ENSG00000131747.15",8846.51889324343,3.97082177002417,0.128146239939296,30.9866428535491,8.1584205019223e-211,1.59610286000188e-208,"TOP2A","protein_coding"
"ENSG00000131203.13",2349.5886350839,3.96921912796231,0.222313131101714,17.8541821092263,2.68180552903047e-71,4.91972600498003e-70,"IDO1","protein_coding"
"ENSG00000158402.20",345.626110900934,3.96430286895579,0.113012386819724,35.0784810454414,1.43517032402978e-269,4.83556721176435e-267,"CDC25C","protein_coding"
"ENSG00000168243.11",953.316723834981,3.9580077561451,0.224190320388334,17.6546772817363,9.36675240122138e-70,1.64850493218013e-68,"GNG4","protein_coding"
"ENSG00000138829.12",929.471836189665,3.93930998757149,0.213306874305316,18.4678060676703,3.7501858011259e-76,7.7678028847911e-75,"FBN2","protein_coding"
"ENSG00000137571.11",217.103939440825,3.93476162863033,0.189291267479911,20.786810089102,5.69746303642621e-96,1.94999852276059e-94,"SLCO5A1","protein_coding"
"ENSG00000138755.6",6961.90045526217,3.93207335213307,0.208248407128656,18.8816491148661,1.61465017853859e-79,3.62686311214847e-78,"CXCL9","protein_coding"
"ENSG00000142449.13",631.198663132921,3.92966536378275,0.218564348415409,17.9794435472793,2.8231159261831e-72,5.30409958770609e-71,"FBN3","protein_coding"
"ENSG00000238266.2",267.316128719617,3.92856201921854,0.293251285727431,13.396572190548,6.33208085150767e-41,4.67870418472511e-40,"LINC00707","lncRNA"
"ENSG00000173894.11",2353.71290909861,3.9277313085704,0.104834947971658,37.4658583283911,3.31487805763799e-307,1.62129616483571e-304,"CBX2","protein_coding"
"ENSG00000154451.14",2669.32870024587,3.9226253251004,0.190781733092087,20.5608014012905,6.1607109410194e-94,2.00878923199433e-92,"GBP5","protein_coding"
"ENSG00000178372.8",7465.52802159013,3.91971259490165,0.295894228323922,13.2470059220306,4.69565821064009e-40,3.35669824562589e-39,"CALML5","protein_coding"
"ENSG00000146410.12",333.801186611484,3.91925214447676,0.0936435143976341,41.8528946685472,0,0,"MTFR2","protein_coding"
"ENSG00000092853.14",880.650686287847,3.91174901501102,0.105911944305512,36.9339741675147,1.31716129152456e-298,5.78863753683924e-296,"CLSPN","protein_coding"
"ENSG00000167771.6",734.297346345088,3.90222118997287,0.132986796097742,29.3429220379505,2.94186849810694e-189,4.69522212297868e-187,"RCOR2","protein_coding"
"ENSG00000170312.16",3010.8324986844,3.89983190082767,0.0962817068737548,40.5043909944508,0,0,"CDK1","protein_coding"
"ENSG00000087586.18",1720.60955010182,3.88639300496727,0.0838154657553559,46.3684472781078,0,0,"AURKA","protein_coding"
"ENSG00000072041.17",549.319192331968,3.87832046659021,0.282495008752304,13.7288105857856,6.82446541731875e-43,5.37240626466183e-42,"SLC6A15","protein_coding"
"ENSG00000276043.5",1225.3100579035,3.8749865680135,0.125773272512645,30.8093006614256,1.96705403379096e-208,3.77524977978968e-206,"UHRF1","protein_coding"
"ENSG00000007968.7",1014.26357000518,3.85946425832127,0.129621710289563,29.7748289981637,8.27544467783039e-195,1.38643416801397e-192,"E2F2","protein_coding"
"ENSG00000134028.14",772.67525508912,3.85662879283535,0.21098241056063,18.2793853885135,1.20779425822736e-74,2.42229848455598e-73,"ADAMDEC1","protein_coding"
"ENSG00000035499.13",453.935537695292,3.85542004483539,0.109065553168563,35.3495666856131,1.01808336268112e-273,3.71956143252317e-271,"DEPDC1B","protein_coding"
"ENSG00000105664.11",3394.1103970302,3.85505261668778,0.222481035963219,17.3275560318997,2.91453257520081e-67,4.78507232324794e-66,"COMP","protein_coding"
"ENSG00000085999.13",463.910115953084,3.82585056623271,0.105274451679647,36.3416812454637,3.55616098096461e-289,1.45725710252393e-286,"RAD54L","protein_coding"
"ENSG00000183196.10",397.88646198029,3.8241734841202,0.166309581702131,22.9943064313004,5.31467214648828e-117,2.82740558193176e-115,"CHST6","protein_coding"
"ENSG00000077935.17",233.964995518888,3.81167750188781,0.165550974402231,23.0241924920766,2.66851326229799e-117,1.43221232152078e-115,"SMC1B","protein_coding"
"ENSG00000164106.8",760.340222231419,3.79382811850605,0.250593620828564,15.1393643060909,8.90704937697567e-52,9.32978809352021e-51,"SCRG1","protein_coding"
"ENSG00000104833.12",104.680095811179,3.78637526640194,0.235125898905614,16.1036078289355,2.40653629135583e-58,3.11330232504582e-57,"TUBB4A","protein_coding"
"ENSG00000177359.20",1064.00287939498,3.78618064125656,0.231767337252311,16.3361269372258,5.4613764510755e-60,7.43315886456075e-59,"AC024940.1","transcribed_unprocessed_pseudogene"
"ENSG00000286042.1",162.527628357527,3.78163733766241,0.351395469847171,10.7617703190856,5.21584119775937e-27,2.36208435604622e-26,"LCAL1","lncRNA"
"ENSG00000278828.1",309.934792110889,3.76504606050249,0.191887254277624,19.6211367694865,1.02045568227496e-85,2.68847073060867e-84,"H3C10","protein_coding"
"ENSG00000072571.20",886.672139912039,3.76472515874328,0.113465953624069,33.1793374003309,2.13863390195331e-241,5.73910924272852e-239,"HMMR","protein_coding"
"ENSG00000082556.14",154.712989697908,3.76021995476272,0.253163274040692,14.8529440891901,6.65792920201743e-50,6.55078017916861e-49,"OPRK1","protein_coding"
"ENSG00000213937.4",119.504270650937,3.7563734846739,0.204557035076757,18.3634529277586,2.57688855950843e-75,5.26205849687096e-74,"CLDN9","protein_coding"
"ENSG00000187608.10",5669.94858537932,3.75586629619114,0.173301464073778,21.6724441207963,3.73400658884111e-104,1.50973354400024e-102,"ISG15","protein_coding"
"ENSG00000177614.11",1498.25151665668,3.754097720084,0.181351852337118,20.7006306894812,3.41867369934542e-95,1.14550122938067e-93,"PGBD5","protein_coding"
"ENSG00000165891.16",395.103495837865,3.74824582404406,0.141988378124835,26.3982578964923,1.43474910091812e-153,1.50544400471422e-151,"E2F7","protein_coding"
"ENSG00000124635.9",315.912995320186,3.74677355635599,0.171332884267592,21.8683854671132,5.19639329404812e-106,2.20077416548485e-104,"H2BC11","protein_coding"
"ENSG00000258227.7",310.164100796882,3.74442869497974,0.144584871668783,25.8977903549794,7.05253165493034e-148,6.81085891414355e-146,"CLEC5A","protein_coding"
"ENSG00000156970.13",1096.33970999078,3.73228031438929,0.11002176822145,33.9231078969485,3.04062734818718e-252,8.86576766407962e-250,"BUB1B","protein_coding"
"ENSG00000188910.8",711.345254329612,3.7320457704151,0.197845192189583,18.8634645558579,2.27792663339458e-79,5.0828437991948e-78,"GJB3","protein_coding"
"ENSG00000179066.8",319.476401886381,3.72727697270704,0.189834085224368,19.6343926766455,7.86150950747461e-86,2.07658897477927e-84,"AC020907.1","lncRNA"
"ENSG00000184937.16",117.870456052181,3.72233159534714,0.249508426233437,14.9186608706536,2.49224950318588e-50,2.49257829599632e-49,"WT1","protein_coding"
"ENSG00000263961.8",695.007746936195,3.71226410363916,0.290538953103609,12.7771648654469,2.1994168071655e-37,1.43739472544152e-36,"RHEX","protein_coding"
"ENSG00000167900.12",4113.56378710536,3.70890786132784,0.113850849976266,32.5769009375074,8.71246205005352e-233,2.11357359364658e-230,"TK1","protein_coding"
"ENSG00000119547.6",199.099491131213,3.70646662099477,0.191183238053257,19.3869852751541,9.93945629425758e-84,2.49300308244059e-82,"ONECUT2","protein_coding"
"ENSG00000211897.9",21134.8749648225,3.70618089922893,0.235389478663723,15.744887665619,7.44632309493476e-56,8.90036663503356e-55,"IGHG3","IG_C_gene"
"ENSG00000104951.16",878.295958392267,3.70485290444257,0.146755097574618,25.2451394579928,1.28068095104882e-140,1.09395406083393e-138,"IL4I1","protein_coding"
"ENSG00000117407.17",258.979916727601,3.69872152545521,0.177529908331064,20.834357209027,2.11332672272876e-96,7.32394509028879e-95,"ARTN","protein_coding"
"ENSG00000105011.9",1628.79631989962,3.69728968502115,0.10254414996636,36.0555886048501,1.12728333212412e-284,4.43944672251063e-282,"ASF1B","protein_coding"
"ENSG00000121152.10",1294.77792892965,3.69385295184612,0.0931736712951119,39.6448148978316,0,0,"NCAPH","protein_coding"
"ENSG00000137142.5",245.816873493014,3.69117688865166,0.197148862675328,18.7227906799058,3.22788231052974e-78,6.99159308460742e-77,"IGFBPL1","protein_coding"
"ENSG00000071539.14",1746.22226262281,3.68138489006503,0.095567961913282,38.5211195924164,0,0,"TRIP13","protein_coding"
"ENSG00000075702.18",928.420182496772,3.67870159145081,0.10411484003174,35.3331147637487,1.82179003261175e-273,6.49928952340221e-271,"WDR62","protein_coding"
"ENSG00000140451.13",321.499020466552,3.67807497221277,0.116773712526355,31.497456855991,9.41168939074819e-218,2.05323790708668e-215,"PIF1","protein_coding"
"ENSG00000196550.10",111.873030133384,3.673856645849,0.112377227069897,32.6921809839986,2.01718355377931e-234,5.05706880103969e-232,"FAM72A","protein_coding"
"ENSG00000181291.8",189.000854697693,3.66945845491048,0.252582300116762,14.5277735344646,8.08043512287728e-48,7.43419644011318e-47,"TMEM132E","protein_coding"
"ENSG00000091651.9",669.915384554414,3.66576915606102,0.0900720740426016,40.6981763773666,0,0,"ORC6","protein_coding"
"ENSG00000158164.7",416.182405145298,3.66368593496448,0.185866696489848,19.7113630583335,1.72263856321302e-86,4.62686375472734e-85,"TMSB15A","protein_coding"
"ENSG00000204140.10",153.876814911934,3.65029041209126,0.241627565909188,15.107094252082,1.45411999681754e-51,1.51268386907359e-50,"CLPSL1","protein_coding"
"ENSG00000068489.13",1885.15578770951,3.63884747581017,0.0860283382710283,42.2982420553813,0,0,"PRR11","protein_coding"
"ENSG00000147697.9",518.808131905556,3.6302810285613,0.199019770459302,18.2408060273773,2.44821424279533e-74,4.86179755720533e-73,"GSDMC","protein_coding"
"ENSG00000174963.18",132.245606334688,3.62847849675893,0.190053828582425,19.0918463670164,2.95150747761543e-81,6.95427449504353e-80,"ZIC4","protein_coding"
"ENSG00000188282.12",118.988978520096,3.6240988789789,0.211981384202829,17.0963072658837,1.58110439144591e-65,2.48421811223864e-64,"RUFY4","protein_coding"
"ENSG00000246465.1",105.062096834835,3.61971639208256,0.173851786597209,20.8207028695596,2.81033057761309e-96,9.68414368585675e-95,"AC138904.1","lncRNA"
"ENSG00000188610.12",117.533729117369,3.6159738929348,0.109726738211432,32.9543550813221,3.6643802937046e-238,9.57919551950847e-236,"FAM72B","protein_coding"
"ENSG00000167513.9",1466.35606872545,3.60517070938252,0.117608509257993,30.6539954645118,2.33776287008079e-206,4.37594575755122e-204,"CDT1","protein_coding"
"ENSG00000186603.6",315.159532131326,3.59851621326731,0.150659794981433,23.885046529572,4.38070058773313e-126,2.75031810812463e-124,"HPDL","protein_coding"
"ENSG00000166803.14",328.667232336409,3.59742089943781,0.114715728203722,31.3594391612037,7.23439602428211e-216,1.55585691517965e-213,"PCLAF","protein_coding"
"ENSG00000109182.12",182.427658257677,3.59726474798896,0.284619559610717,12.6388529056438,1.28921035543386e-36,8.2182078659189e-36,"CWH43","protein_coding"
"ENSG00000186871.7",462.639238800244,3.59503799532042,0.102902449494311,34.9363694740735,2.085745695389e-267,6.95034642494241e-265,"ERCC6L","protein_coding"
"ENSG00000078081.8",1793.41120475939,3.59348574271906,0.165313329891434,21.7374227781813,9.08594137738676e-105,3.73336160335876e-103,"LAMP3","protein_coding"
"ENSG00000182379.10",613.212449323317,3.57030982783219,0.195193695412105,18.2911124270399,9.74068540195086e-75,1.9600301534755e-73,"NXPH4","protein_coding"
"ENSG00000196754.13",3010.26776524051,3.56661820947444,0.240177616859126,14.8499192227659,6.96525328025494e-50,6.84649401849111e-49,"S100A2","protein_coding"
"ENSG00000183150.8",160.597006953831,3.5641198650298,0.121715858357078,29.2822965974881,1.74300935371639e-188,2.75286539802583e-186,"GPR19","protein_coding"
"ENSG00000137807.16",2032.55666459457,3.54968556070297,0.0928672196078504,38.2232350197647,1.15818868698105e-319,6.75402164581843e-317,"KIF23","protein_coding"
"ENSG00000049249.9",240.130890588621,3.54473047920071,0.163569666348217,21.6710748290852,3.84671557682271e-104,1.55323306460149e-102,"TNFRSF9","protein_coding"
"ENSG00000085840.13",635.997229724648,3.53755033245268,0.102140327780353,34.6342175449053,7.72067318956407e-263,2.38899687551368e-260,"ORC1","protein_coding"
"ENSG00000229544.9",247.912282711863,3.53285724161232,0.221606332445869,15.9420410176017,3.23609256872876e-57,4.0201258113122e-56,"NKX1-2","protein_coding"
"ENSG00000151025.11",230.510197637174,3.52967147713184,0.185835786458808,18.9934971320188,1.93034692826589e-80,4.43453335247992e-79,"GPR158","protein_coding"
"ENSG00000100526.20",621.179583606544,3.52956904930179,0.0966949617684028,36.5020988141613,1.02710370867482e-291,4.32581845303546e-289,"CDKN3","protein_coding"
"ENSG00000123975.5",2357.38178730891,3.50236144543193,0.0957364507253735,36.5833642138948,5.25948378251365e-293,2.24631811578794e-290,"CKS2","protein_coding"
"ENSG00000081985.13",1225.84919621071,3.50208370953347,0.178041708772511,19.6700185236268,3.89638273549473e-86,1.03734776181863e-84,"IL12RB2","protein_coding"
"ENSG00000231106.2",572.225806505342,3.50112167788758,0.218754021700649,16.0048334228051,1.18229236073773e-57,1.49382639779212e-56,"LINC01436","lncRNA"
"ENSG00000137812.20",917.565984664371,3.48812634778586,0.111246580896135,31.3549083458354,8.34001187120372e-216,1.78100366184776e-213,"KNL1","protein_coding"
"ENSG00000100162.15",557.3111850381,3.48289406263014,0.113892071165567,30.580654359749,2.21335199006637e-205,4.0925418138276e-203,"CENPM","protein_coding"
"ENSG00000143476.18",1613.2115815508,3.4803256609715,0.102668804135751,33.898570167134,6.9928011103995e-252,2.00046887614863e-249,"DTL","protein_coding"
"ENSG00000169258.7",566.757019348652,3.47846174062934,0.11141650206645,31.2203459641441,5.64248269699419e-214,1.14068430202435e-211,"GPRIN1","protein_coding"
"ENSG00000189057.11",1576.96747504118,3.4726911980783,0.135888649820348,25.5554176354639,4.77981600243432e-144,4.32666090918861e-142,"FAM111B","protein_coding"
"ENSG00000101412.13",1613.13369218894,3.47145063883458,0.0938935908295135,36.9721789119541,3.2067205150785e-299,1.47334231665516e-296,"E2F1","protein_coding"
"ENSG00000148677.7",100.849099561942,3.46839769936878,0.241397201781064,14.3680112021947,8.2156761217896e-47,7.29309609827716e-46,"ANKRD1","protein_coding"
"ENSG00000163808.17",923.162886516362,3.4679785613232,0.0954090361464812,36.3485336545987,2.77164716429936e-289,1.15133463849608e-286,"KIF15","protein_coding"
"ENSG00000223573.7",1345.87490081497,3.46674810094055,0.196431477473582,17.6486383217618,1.04239292514794e-69,1.82925480683948e-68,"TINCR","protein_coding"
"ENSG00000127129.10",559.953598010628,3.46595632919869,0.213938962014322,16.2006784391459,4.9873794986902e-59,6.60136603746318e-58,"EDN2","protein_coding"
"ENSG00000285108.1",127.177707592436,3.46465938897653,0.22983236364111,15.0747237425043,2.37507238760303e-51,2.4538908034642e-50,"AC103718.1","lncRNA"
"ENSG00000170465.10",260.534787913435,3.46453595475083,0.300659660868666,11.523115354887,1.00895819559288e-30,5.21220584721608e-30,"KRT6C","protein_coding"
"ENSG00000197632.9",209.662573004936,3.46153721229887,0.289514571396231,11.9563488483672,6.01489245277146e-33,3.36275071419325e-32,"SERPINB2","protein_coding"
"ENSG00000138778.13",1435.15675893217,3.45109735280654,0.0976594595871719,35.33807546545,1.52865771683245e-273,5.51845435776516e-271,"CENPE","protein_coding"
"ENSG00000160957.14",1557.97358398687,3.44876867752339,0.104251374963394,33.0812776208885,5.52502222668874e-240,1.45687629567052e-237,"RECQL4","protein_coding"
"ENSG00000111247.15",1098.31267579146,3.44387076123769,0.106130475329751,32.4494048532005,5.52231914545288e-231,1.32903814100566e-228,"RAD51AP1","protein_coding"
"ENSG00000051341.14",596.430275507488,3.44342579897596,0.10112506354989,34.0511607913813,3.9013471714437e-254,1.14858690899863e-251,"POLQ","protein_coding"
"ENSG00000254726.3",5211.88577720524,3.43477694919454,0.13437604393315,25.5609322068098,4.15056539048e-144,3.76831571559627e-142,"MEX3A","protein_coding"
"ENSG00000108106.14",1736.33945171003,3.43104499676862,0.0965449828740244,35.5383044735279,1.2595450074393e-276,4.65785887873041e-274,"UBE2S","protein_coding"
"ENSG00000171241.9",862.132072617854,3.42647388795767,0.0989528443674699,34.6273410315843,9.79859308682605e-263,3.00133875520114e-260,"SHCBP1","protein_coding"
"ENSG00000170689.10",181.123063616857,3.42353433126213,0.208445863481143,16.4240934028985,1.28591358501082e-60,1.77165122907171e-59,"HOXB9","protein_coding"
"ENSG00000105519.18",2253.23184015067,3.41869331365821,0.176705176862947,19.3468769526189,2.16574068061835e-83,5.37869945938335e-82,"CAPS","protein_coding"
"ENSG00000140519.14",534.424609005624,3.4184959559365,0.235193006441949,14.5348537681977,7.28689766694342e-48,6.71226867716866e-47,"RHCG","protein_coding"
"ENSG00000178776.5",503.970317194345,3.41844585267381,0.194459506865732,17.5792169165282,3.55451577235175e-69,6.16278652262977e-68,"C5orf46","protein_coding"
"ENSG00000152253.9",439.715831659788,3.41218813996744,0.0923014482810396,36.9678721570869,3.76062786650712e-299,1.67701881505826e-296,"SPC25","protein_coding"
"ENSG00000105048.17",508.890583582042,3.39682229196619,0.244567815295828,13.8890813897872,7.37754155496359e-44,5.98652850181204e-43,"TNNT1","protein_coding"
"ENSG00000164045.12",780.425261587304,3.39481803756863,0.0927356900507058,36.6074597138644,2.1762227357931e-293,9.42739689145573e-291,"CDC25A","protein_coding"
"ENSG00000275713.2",224.344771725693,3.39370460119975,0.174260923004151,19.4748457812249,1.79463955330678e-84,4.5847219725758e-83,"H2BC9","protein_coding"
"ENSG00000043355.12",130.972415883326,3.39229957337895,0.30039048822561,11.2929660103989,1.42157083891043e-29,7.07031558456944e-29,"ZIC2","protein_coding"
"ENSG00000140379.9",736.185261763918,3.38682495275603,0.199587842809384,16.9690944352288,1.39059919801132e-64,2.12008698242812e-63,"BCL2A1","protein_coding"
"ENSG00000249992.2",1368.3711529856,3.37773428430392,0.159481575669221,21.179463960838,1.47703539958059e-99,5.48220580867586e-98,"TMEM158","protein_coding"
"ENSG00000103522.16",283.00042767682,3.36654001545978,0.16225404011579,20.7485743532629,1.26280643271561e-95,4.26904596049813e-94,"IL21R","protein_coding"
"ENSG00000135476.12",1145.28861393413,3.36535183175743,0.103252242637095,32.5934986573198,5.07033046111974e-233,1.23994113631448e-230,"ESPL1","protein_coding"
"ENSG00000185028.4",119.47754952371,3.36413709145541,0.265643298288417,12.6641142958663,9.34693443998596e-37,5.98093352939722e-36,"LRRC14B","protein_coding"
"ENSG00000174672.16",153.299312985944,3.35740468583572,0.217790811043579,15.4157315900895,1.28309514518823e-53,1.43309676547654e-52,"BRSK2","protein_coding"
"ENSG00000103888.17",949.400896967535,3.35701036425069,0.161054365398525,20.8439576036567,1.72934136884599e-96,6.00693558635578e-95,"CEMIP","protein_coding"
"ENSG00000128510.12",1024.83898292461,3.35453293023146,0.202990799167167,16.5255417683682,2.4027116715034e-61,3.37626639141191e-60,"CPA4","protein_coding"
"ENSG00000121621.7",658.74526892592,3.35355289050494,0.0949322804758227,35.3257382388389,2.36466510250476e-273,8.33791913585516e-271,"KIF18A","protein_coding"
"ENSG00000205002.4",5294.70303092888,3.35174340016099,0.210834407727334,15.8975161421266,6.59273275763298e-57,8.12674911148221e-56,"AARD","protein_coding"
"ENSG00000186897.5",138.734514126459,3.34631257826653,0.212663104524332,15.7352756875778,8.66783910462569e-56,1.03359635473327e-54,"C1QL4","protein_coding"
"ENSG00000102243.13",2366.1797943967,3.34391510309401,0.229706247508354,14.5573537479533,5.24491133645511e-48,4.85935506772578e-47,"VGLL1","protein_coding"
"ENSG00000051180.17",662.480393310494,3.34117327028278,0.0829208296684242,40.2935340088026,0,0,"RAD51","protein_coding"
"ENSG00000127423.11",368.523391465675,3.33892144622474,0.0865443131361784,38.5804835145079,0,0,"AUNIP","protein_coding"
"ENSG00000184599.13",232.512895705009,3.33672069328452,0.208048879004933,16.0381575197307,6.91763808614973e-58,8.80278880924903e-57,"TAFA3","protein_coding"
"ENSG00000163568.15",246.524003768466,3.33067912567798,0.183342178430236,18.1664642265902,9.51347784859127e-74,1.85880607139614e-72,"AIM2","protein_coding"
"ENSG00000147689.16",441.53910930476,3.32494263376032,0.27272886607816,12.1913850982222,3.45498598317338e-34,2.01867042300096e-33,"FAM83A","protein_coding"
"ENSG00000139734.19",891.253937259784,3.32052427476689,0.106054797237166,31.3095150928564,3.46321170195518e-215,7.34394626923697e-213,"DIAPH3","protein_coding"
"ENSG00000162062.15",414.218008641631,3.31306966437071,0.104469666384417,31.7132214453485,1.02121834084508e-220,2.2440163020135e-218,"TEDC2","protein_coding"
"ENSG00000203760.9",1386.48124068846,3.31303196170842,0.115719903666512,28.6297504295898,2.86496988485878e-180,4.05968910226438e-178,"CENPW","protein_coding"
"ENSG00000076382.17",1730.50714328248,3.31261782854037,0.091448614580983,36.2238164429146,2.56822249539215e-287,1.02472077566147e-284,"SPAG5","protein_coding"
"ENSG00000106462.11",2071.0999632624,3.29864568717775,0.0887764370205207,37.1567703986055,3.40840521256945e-302,1.59009968716855e-299,"EZH2","protein_coding"
"ENSG00000146013.11",347.021222487801,3.28980158679499,0.220801475963139,14.8993641117879,3.32731025432655e-50,3.3102807136548e-49,"GFRA3","protein_coding"
"ENSG00000170523.3",164.978102983525,3.28637480200325,0.258972473363021,12.6900545039646,6.71390462536511e-37,4.31431328373748e-36,"KRT83","protein_coding"
"ENSG00000105613.10",187.304461025557,3.28332633662563,0.16878948036987,19.452197669137,2.7920435203638e-84,7.11478384130351e-83,"MAST1","protein_coding"
"ENSG00000107984.10",512.827560428658,3.27597106302952,0.241582143931988,13.560485099229,6.86803697976482e-42,5.2288815810793e-41,"DKK1","protein_coding"
"ENSG00000178445.10",561.333565380037,3.27311774863169,0.227468294233388,14.3893361475397,6.03726163463984e-47,5.38769634516829e-46,"GLDC","protein_coding"
"ENSG00000138160.7",2645.07107282491,3.26992386779766,0.0914972165816301,35.7379600163068,1.01771677722902e-279,3.95656968624265e-277,"KIF11","protein_coding"
"ENSG00000160963.14",179.481591189947,3.26541052502757,0.250504505899218,13.0353364834934,7.70264552862731e-39,5.28091844924473e-38,"COL26A1","protein_coding"
"ENSG00000121742.19",213.89172321181,3.26124613940489,0.292068394929698,11.1660357505984,5.97902070220824e-29,2.90790415034102e-28,"GJB6","protein_coding"
"ENSG00000213420.8",279.634142189916,3.25724535195246,0.154396015649037,21.0966930607628,8.52969112355244e-99,3.11631751362174e-97,"GPC2","protein_coding"
"ENSG00000123388.4",286.729379304155,3.25711963799741,0.199641972286865,16.3148039497289,7.74544591562228e-60,1.047604379774e-58,"HOXC11","protein_coding"
"ENSG00000140534.14",825.08214298422,3.25501427672643,0.0936462608288803,34.7586144701956,1.02714161765843e-264,3.31351515041216e-262,"TICRR","protein_coding"
"ENSG00000134057.15",3270.17523793393,3.24617874201507,0.0772023284150859,42.047679243062,0,0,"CCNB1","protein_coding"
"ENSG00000094804.12",1427.00815980801,3.24190820801923,0.0992316916058345,32.6700891172616,4.15521536990742e-234,1.03280943341863e-231,"CDC6","protein_coding"
"ENSG00000166426.8",2626.86703791326,3.22724974724725,0.253646499855228,12.7234152613549,4.38276809793329e-37,2.83556773632876e-36,"CRABP1","protein_coding"
"ENSG00000284753.2",474.902361635728,3.22086267938774,0.103028538911976,31.2618495166618,1.54092338673431e-214,3.1787048149205e-212,"EEF1AKMT4","protein_coding"
"ENSG00000101003.10",1265.75340710568,3.21348971164246,0.0853654823996686,37.6439003366416,4.11688093644362e-310,2.11593724604604e-307,"GINS1","protein_coding"
"ENSG00000122641.11",2725.67735175273,3.20697690715711,0.129849312686666,24.6976810335203,1.1326327534144e-134,8.45959497895034e-133,"INHBA","protein_coding"
"ENSG00000180438.15",131.918930731127,3.20031723967167,0.195385749536427,16.3794813453118,2.68018817560874e-60,3.67091356084731e-59,"TPRXL","transcribed_processed_pseudogene"
"ENSG00000196503.5",337.340501330653,3.18993848205334,0.154731987801118,20.615895442082,1.97631376017041e-94,6.49997163377522e-93,"ARL9","protein_coding"
"ENSG00000171320.15",419.237945663568,3.18466342601419,0.117762977872265,27.0429933375881,4.61759314356436e-161,5.49113311707629e-159,"ESCO2","protein_coding"
"ENSG00000237988.5",1543.89120980456,3.18049752233213,0.219663732134151,14.4789378357178,1.6462139272078e-47,1.49639661656623e-46,"OR2I1P","protein_coding"
"ENSG00000164626.9",2723.16344205122,3.17763406381117,0.142308764241943,22.329152253819,1.92545036387034e-110,8.92773040275294e-109,"KCNK5","protein_coding"
"ENSG00000089692.9",529.755769845932,3.17085752344588,0.166378779109465,19.0580646186837,5.63198971180028e-81,1.31879888819021e-79,"LAG3","protein_coding"
"ENSG00000185697.16",1538.44674727151,3.16789113295444,0.152483891213025,20.7752511281915,7.24840753790063e-96,2.47244893340044e-94,"MYBL1","protein_coding"
"ENSG00000175643.10",976.63926243198,3.16342479343822,0.104502124747222,30.2713920993487,2.72898868443119e-201,4.8394066003913e-199,"RMI2","protein_coding"
"ENSG00000105464.3",352.227394672972,3.15803302939638,0.162523445676104,19.4312458504608,4.20042304910112e-84,1.06321893606797e-82,"GRIN2D","protein_coding"
"ENSG00000135114.12",1405.53264143046,3.13983836902993,0.168823876197654,18.5983075365116,3.31612914372298e-77,7.02713488149935e-76,"OASL","protein_coding"
"ENSG00000123473.16",1456.43471435454,3.13131817349435,0.090353611630537,34.6562590801412,3.59531701268896e-263,1.12396281538948e-260,"STIL","protein_coding"
"ENSG00000164283.13",481.373288038193,3.13114622336448,0.135906126170587,23.0390366614845,1.89457434428894e-117,1.02044533598966e-115,"ESM1","protein_coding"
"ENSG00000214796.8",254.496152044778,3.12283694576472,0.162565191902559,19.2097515416248,3.06730486734091e-82,7.42322049459264e-81,"TUBA5P","transcribed_unprocessed_pseudogene"
"ENSG00000143512.13",122.967184556336,3.11818605897115,0.229261275728035,13.6010150387114,3.94914262426748e-42,3.03635397916549e-41,"HHIPL2","protein_coding"
"ENSG00000010030.14",596.567119422936,3.11563183857809,0.140888765545979,22.1141254698644,2.31144987834427e-108,1.02324680453885e-106,"ETV7","protein_coding"
"ENSG00000144354.14",1401.80073635243,3.11129695119663,0.109086430320432,28.5213930097215,6.360650815391e-179,8.84772363880352e-177,"CDCA7","protein_coding"
"ENSG00000204542.3",346.487068938993,3.09819829937566,0.27937895480064,11.0895908447595,1.40930877622893e-28,6.74386607706579e-28,"C6orf15","protein_coding"
"ENSG00000117122.14",1897.33904997897,3.09530799845934,0.122941768834413,25.1770250892382,7.15150063277898e-140,5.97416267736611e-138,"MFAP2","protein_coding"
"ENSG00000131015.5",136.144875105649,3.09416452275426,0.153247041382226,20.1906966349638,1.18186257040603e-90,3.54839609752401e-89,"ULBP2","protein_coding"
"ENSG00000177455.15",130.406172975972,3.09199079647624,0.224570667987193,13.768453485887,3.94569332688515e-43,3.12400011604348e-42,"CD19","protein_coding"
"ENSG00000113368.12",3847.40191427393,3.09167004692008,0.091152966815751,33.9173825594654,3.69299287368637e-252,1.06653634192062e-249,"LMNB1","protein_coding"
"ENSG00000117983.17",4266.65722744423,3.08916732247963,0.202280569795345,15.2716957718927,1.18062475271788e-52,1.27270760758681e-51,"MUC5B","protein_coding"
"ENSG00000177602.5",223.356196074901,3.08637131419608,0.0938102136887395,32.9001629229478,2.18609351477398e-237,5.6178898086446e-235,"HASPIN","protein_coding"
"ENSG00000197444.10",129.672015057867,3.07891400432126,0.243004373247109,12.6701999769787,8.6493616723139e-37,5.54392820442289e-36,"OGDHL","protein_coding"
"ENSG00000211892.4",8518.21426123411,3.0776786830544,0.26010969874468,11.8322334688312,2.65969176054873e-32,1.45293628079409e-31,"IGHG4","IG_C_gene"
"ENSG00000131187.10",277.977786581432,3.07717802074333,0.158917854464103,19.3633247259729,1.57391916792843e-83,3.92496092502153e-82,"F12","protein_coding"
"ENSG00000101425.14",199.16136274007,3.07565986764479,0.231742151497047,13.2719052091996,3.36904806677249e-40,2.42035094946243e-39,"BPI","protein_coding"
"ENSG00000198826.11",1097.79338352209,3.05660924499819,0.0856609420441461,35.6826480313857,7.34717548065638e-279,2.82019935791676e-276,"ARHGAP11A","protein_coding"
"ENSG00000188883.5",595.395884672155,3.05470221594516,0.171776570810272,17.7829968402332,9.57237728618647e-71,1.7288431734742e-69,"KLRG2","protein_coding"
"ENSG00000178531.6",1153.95927425291,3.05460204293083,0.153333954590227,19.9212369569025,2.66329854715175e-88,7.49182422484507e-87,"CTXN1","protein_coding"
"ENSG00000187741.15",953.533615202732,3.05072428050243,0.0989485471201719,30.8314206655037,9.94091823649636e-209,1.92005353250647e-206,"FANCA","protein_coding"
"ENSG00000013810.20",3202.98927292363,3.0505123002226,0.0817449014932351,37.3174625511665,8.55040114469026e-305,4.05128694236855e-302,"TACC3","protein_coding"
"ENSG00000121904.17",295.250983248398,3.04712581316937,0.181371068884094,16.8005064529704,2.41969115567824e-63,3.57750924450448e-62,"CSMD2","protein_coding"
"ENSG00000214336.5",107.493886711298,3.04434494525136,0.25676974515419,11.8563226497858,1.99548168442349e-32,1.09601497189744e-31,"FOXI3","protein_coding"
"ENSG00000160161.9",501.242822898622,3.04231067837586,0.157865160999555,19.2715774596045,9.30560087114395e-83,2.28488292159165e-81,"CILP2","protein_coding"
"ENSG00000102384.13",447.700796482032,3.03888957708037,0.0871135435630648,34.884237889834,1.28912235733412e-266,4.24905938736954e-264,"CENPI","protein_coding"
"ENSG00000071991.9",563.131443059575,3.03509405065931,0.307160979601381,9.88111854115752,5.02686270438195e-23,1.94904212565756e-22,"CDH19","protein_coding"
"ENSG00000188763.5",323.977231064256,3.02839920675747,0.179441421288659,16.8768124160465,6.66476498615411e-64,1.00100214680603e-62,"FZD9","protein_coding"
"ENSG00000136541.15",111.162936427281,3.02723028801027,0.187412366919893,16.1527776302202,1.08561079414866e-58,1.42080542605801e-57,"ERMN","protein_coding"
"ENSG00000104415.14",916.501491768088,3.02226084561951,0.145747382468341,20.7362958732792,1.63005111891829e-95,5.50441760914011e-94,"CCN4","protein_coding"
"ENSG00000101115.13",151.239023026399,3.02126420326081,0.139808647698676,21.6099951826473,1.4466367227207e-103,5.7949553473953e-102,"SALL4","protein_coding"
"ENSG00000054938.16",434.107063391559,3.01857582362594,0.251734332508316,11.9911169586939,3.95535305197092e-33,2.2265105986257e-32,"CHRDL2","protein_coding"
"ENSG00000163362.11",1173.87245741088,3.01739718289836,0.158163177739199,19.077747589732,3.86562390505063e-81,9.08691312377949e-80,"INAVA","protein_coding"
"ENSG00000172061.9",3246.76005398365,3.01442448259222,0.172515078969206,17.4733971117406,2.28476514475082e-68,3.86409471552837e-67,"LRRC15","protein_coding"
"ENSG00000138316.11",261.065605050004,3.01082421836237,0.16228944756571,18.5521872402905,7.83000225207962e-77,1.64543997430397e-75,"ADAMTS14","protein_coding"
"ENSG00000122952.17",2253.70991728097,3.0071545445203,0.0937239139086967,32.0852429130284,7.08279097272935e-226,1.61487634178229e-223,"ZWINT","protein_coding"
"ENSG00000147536.12",644.351615409475,3.00569410260589,0.106234868117147,28.2929150840707,4.22410014832059e-176,5.64280233029399e-174,"GINS4","protein_coding"
"ENSG00000071909.19",198.007979980494,2.99440698726332,0.194549843582991,15.3914643780527,1.86757357863375e-53,2.07065086648957e-52,"MYO3B","protein_coding"
"ENSG00000170558.10",617.214533191794,2.98905986532489,0.211827447736071,14.1108241508397,3.25748649644172e-45,2.76385060207327e-44,"CDH2","protein_coding"
"ENSG00000101746.15",138.608896462775,2.98771478650961,0.253339219718995,11.7933369725524,4.22463706204611e-32,2.28968533100065e-31,"NOL4","protein_coding"
"ENSG00000100985.7",4008.13212039227,2.98227767549462,0.184535668081691,16.1609823536901,9.50350934479369e-59,1.24755159035292e-57,"MMP9","protein_coding"
"ENSG00000055118.16",353.679972062918,2.98143307621069,0.200727274618573,14.8531537723315,6.63713291022898e-50,6.53243811651359e-49,"KCNH2","protein_coding"
"ENSG00000164109.14",1717.480115638,2.98049930980588,0.0844423485631355,35.2962626042718,6.70118221585009e-273,2.33570861509699e-270,"MAD2L1","protein_coding"
"ENSG00000101282.9",166.242002067865,2.97149157151044,0.225184847924393,13.1957882552921,9.27792713729042e-40,6.57191923642127e-39,"RSPO4","protein_coding"
"ENSG00000149554.13",1445.83032796943,2.97040981017613,0.0788655610593747,37.6642195944036,1.91449599644681e-310,1.0185118701097e-307,"CHEK1","protein_coding"
"ENSG00000204248.11",562.447888510039,2.96843021656494,0.20772614123392,14.2901138919353,2.52196663778316e-46,2.20646613745345e-45,"COL11A2","protein_coding"
"ENSG00000197299.12",720.57820104679,2.96620332323189,0.101241958225407,29.2981622957933,1.094571292262e-188,1.73778952180906e-186,"BLM","protein_coding"
"ENSG00000029993.15",4709.28504671062,2.95874523887942,0.0783820990940556,37.7477162907954,8.19963397950005e-312,4.44010179989928e-309,"HMGB3","protein_coding"
"ENSG00000170577.8",585.291515557034,2.95422512126669,0.199322402463047,14.8213401241458,1.06635582529376e-49,1.03874635548371e-48,"SIX2","protein_coding"
"ENSG00000128165.9",1049.83017900881,2.95342946062583,0.13343470790864,22.133892350167,1.49132129210544e-108,6.67003346044325e-107,"ADM2","protein_coding"
"ENSG00000170442.12",401.238892641794,2.94893480986428,0.195710091276412,15.0678730495268,2.63458951848814e-51,2.71739090335491e-50,"KRT86","protein_coding"
"ENSG00000139292.13",421.736305145314,2.94577731421106,0.264742975675676,11.1269328551319,9.27729831194464e-29,4.48040761285888e-28,"LGR5","protein_coding"
"ENSG00000139572.4",161.677569769544,2.94222262101166,0.147562846302225,19.9387765602302,1.87596897645907e-88,5.3066122427374e-87,"GPR84","protein_coding"
"ENSG00000211893.4",25159.7553053245,2.94071010418262,0.230506863601994,12.7575815237337,2.82846924093373e-37,1.84294158276911e-36,"IGHG2","IG_C_gene"
"ENSG00000162849.16",1561.68562395171,2.9393353538821,0.155701555068593,18.878008974202,1.72985103486897e-79,3.8741508701157e-78,"KIF26B","protein_coding"
"ENSG00000103253.19",327.218484849279,2.93185535130867,0.153564977249829,19.0919531511339,2.94547994904394e-81,6.94546920488401e-80,"HAGHL","protein_coding"
"ENSG00000173809.18",599.607349908524,2.92940851577364,0.317159449166503,9.23639047637438,2.54952772993483e-20,8.89357861296949e-20,"TDRD12","protein_coding"
"ENSG00000136155.17",256.643902036113,2.92562563736027,0.293890289524482,9.95482240020237,2.40251460904912e-23,9.44436777350342e-23,"SCEL","protein_coding"
"ENSG00000117632.23",17601.6923536585,2.92363370414972,0.0841529574962043,34.7419008331535,1.83687026524181e-264,5.86328988665185e-262,"STMN1","protein_coding"
"ENSG00000172478.18",474.091375080822,2.91996468895901,0.257156356349286,11.3548221417204,7.01825700009389e-30,3.52295357177367e-29,"MAB21L4","protein_coding"
"ENSG00000197106.7",291.284568940736,2.91893589326408,0.196860629477345,14.8274233452047,9.74004235856643e-50,9.50924161240078e-49,"SLC6A17","protein_coding"
"ENSG00000127561.15",103.819938356562,2.91782742936357,0.145998968322248,19.9852606007692,7.39998552142845e-89,2.11296761724855e-87,"SYNGR3","protein_coding"
"ENSG00000118785.14",14374.1766835436,2.91385899457211,0.17193272159209,16.9476698070611,2.00233998963634e-64,3.04355678424724e-63,"SPP1","protein_coding"
"ENSG00000171209.3",752.595955280705,2.91132237101743,0.482907477082188,6.0287374066108,1.65245524155594e-09,3.41621575844984e-09,"CSN3","protein_coding"
"ENSG00000115850.10",101.284658916748,2.90779298659331,0.259537833905382,11.2037345108359,3.90900093677019e-29,1.91373174695866e-28,"LCT","protein_coding"
"ENSG00000135119.15",490.661196288834,2.90159201076414,0.115219539978918,25.1831591351175,6.12649941307803e-140,5.14625950698554e-138,"RNFT2","protein_coding"
"ENSG00000196092.14",208.107569302125,2.90067020565198,0.234817705135617,12.3528598662384,4.70100603233393e-35,2.82899993896595e-34,"PAX5","protein_coding"
"ENSG00000204832.10",445.402482254815,2.90017626031427,0.247922317019921,11.6979233462119,1.30610717319134e-31,6.97172925890762e-31,"ST8SIA6-AS1","lncRNA"
"ENSG00000128298.17",286.113393281952,2.89725896134796,0.160185656814259,18.0868813036577,4.04330359945632e-73,7.78965300825371e-72,"BAIAP2L2","protein_coding"
"ENSG00000197847.12",109.075152814522,2.8946037612203,0.184320351185922,15.7042005540698,1.41550807097579e-55,1.67999478451154e-54,"SLC22A20P","transcribed_unitary_pseudogene"
"ENSG00000281990.1",266.829818428912,2.88745582539621,0.381676593752104,7.56518967278247,3.87299063538058e-14,1.0198382079479e-13,"IGHV1-69-2","IG_V_gene"
"ENSG00000130829.18",260.991839590502,2.88325941783256,0.202357189717655,14.2483665732634,4.58889456491533e-46,3.99064063052746e-45,"DUSP9","protein_coding"
"ENSG00000157193.18",1041.40743260106,2.88188420792734,0.101452094228719,28.4063550371889,1.68778751146679e-177,2.29508827344031e-175,"LRP8","protein_coding"
"ENSG00000123364.5",390.770584540086,2.87866984083246,0.160850460872782,17.8965594827187,1.25435676807404e-71,2.31088181258064e-70,"HOXC13","protein_coding"
"ENSG00000189159.16",7557.93721901602,2.87437531195763,0.0941676125340523,30.5240329940213,1.25068042689422e-204,2.27099600390063e-202,"JPT1","protein_coding"
"ENSG00000227507.3",699.77272828926,2.87410210209173,0.195253205888702,14.7198715074109,4.80572580876234e-49,4.57834839537886e-48,"LTB","protein_coding"
"ENSG00000162490.7",228.420436135371,2.86829583493586,0.163115292130626,17.584469227072,3.24001095594332e-69,5.62071465835384e-68,"DRAXIN","protein_coding"
"ENSG00000172382.10",447.488320171904,2.86694118417144,0.158380759506109,18.1015749205373,3.09684933267318e-73,5.98908540586616e-72,"PRSS27","protein_coding"
"ENSG00000186193.9",830.532878389169,2.86573055070134,0.130664146619863,21.9320343402121,1.28549876381792e-106,5.49034711464994e-105,"SAPCD2","protein_coding"
"ENSG00000183036.11",124.648230373534,2.86450628964374,0.280118096770506,10.2260665150476,1.51550459998925e-24,6.2593518782449e-24,"PCP4","protein_coding"
"ENSG00000166670.10",107.881089439628,2.86448204672109,0.251750686847262,11.3782491821322,5.36663073766236e-30,2.70373335253154e-29,"MMP10","protein_coding"
"ENSG00000175315.3",191.181475218491,2.85747433925956,0.208948121269397,13.675520612006,1.42185984536481e-42,1.10725418466468e-41,"CST6","protein_coding"
"ENSG00000189377.9",1261.18174821919,2.85229342689808,0.285401334544558,9.99397368428482,1.61956157547802e-23,6.426535620884e-23,"CXCL17","protein_coding"
"ENSG00000027869.12",407.606215095235,2.85171171110051,0.104511746869792,27.2860400530226,6.2118523737646e-164,7.50470961681426e-162,"SH2D2A","protein_coding"
"ENSG00000126709.15",14779.1048778202,2.84716879306038,0.165133973400175,17.2415689784242,1.29474660273969e-66,2.08728846259853e-65,"IFI6","protein_coding"
"ENSG00000182481.10",10276.0812637465,2.84191319100918,0.0741617022017777,38.3204957091863,2.79641155546146e-321,1.66271370254476e-318,"KPNA2","protein_coding"
"ENSG00000154920.15",176.32796073755,2.84170397548505,0.0912656518571632,31.1366205977743,7.69714028176658e-213,1.52554301898229e-210,"EME1","protein_coding"
"ENSG00000073150.14",486.02009409973,2.83787362251037,0.161477027957845,17.5744727185047,3.86466525215087e-69,6.68523155198077e-68,"PANX2","protein_coding"
"ENSG00000148346.12",3169.17142178175,2.8345264272095,0.239511104916695,11.8346346746444,2.58466423211694e-32,1.41296841850936e-31,"LCN2","protein_coding"
"ENSG00000074211.14",588.732696235928,2.83231277655909,0.230774509520997,12.2730746235272,1.26362114882926e-34,7.48253226266322e-34,"PPP2R2C","protein_coding"
"ENSG00000005513.10",1362.53479133621,2.83035421185024,0.233877248382114,12.1018792183921,1.03220826656788e-33,5.93377885789657e-33,"SOX8","protein_coding"
"ENSG00000132164.10",429.099223225376,2.82869530684649,0.178763064004441,15.8237123680998,2.13522716793722e-56,2.59098153823642e-55,"SLC6A11","protein_coding"
"ENSG00000160949.17",1590.20670978087,2.82715948164434,0.0947537284437012,29.8369207004252,1.29760026677547e-195,2.21058598256738e-193,"TONSL","protein_coding"
"ENSG00000134222.16",898.876450644035,2.82660545213676,0.0874526024805082,32.3215704503107,3.48179158743956e-229,8.18463938740443e-227,"PSRC1","protein_coding"
"ENSG00000183145.9",107.769824460165,2.82538736982226,0.17595054649667,16.0578493564141,5.03715794027349e-58,6.44773226597101e-57,"RIPPLY3","protein_coding"
"ENSG00000135069.14",2804.03149063281,2.82086866995219,0.124888847606344,22.5870341829377,5.81209406707641e-113,2.83809888067673e-111,"PSAT1","protein_coding"
"ENSG00000144485.11",366.859270983701,2.82067029834555,0.138687984088508,20.3382457166977,5.90034929070015e-92,1.82573665195093e-90,"HES6","protein_coding"
"ENSG00000025423.11",183.768944455636,2.81673270630052,0.110481091310582,25.4951564370611,2.23078824959097e-143,1.98376606687967e-141,"HSD17B6","protein_coding"
"ENSG00000182010.11",682.360692910489,2.81344177152564,0.114822704388778,24.5024865639779,1.38969410409633e-132,1.00575379505053e-130,"RTKN2","protein_coding"
"ENSG00000163600.13",170.046082726471,2.81035755472973,0.179974515202723,15.6153083761006,5.72675651430165e-55,6.66378221564402e-54,"ICOS","protein_coding"
"ENSG00000232445.2",133.202954094695,2.80984867633091,0.15590009268012,18.023393238747,1.27667342936324e-72,2.43177418794038e-71,"EMSLR","lncRNA"
"ENSG00000255836.1",115.439217233377,2.80728469986318,0.21172254163337,13.2592622316259,3.98799755491338e-40,2.85823771815631e-39,"AC131206.1","processed_pseudogene"
"ENSG00000181847.12",480.006146822295,2.79868639328057,0.163526480373209,17.1145761034743,1.1555382052358e-65,1.81839857475715e-64,"TIGIT","protein_coding"
"ENSG00000240498.9",130.620632548954,2.79674896261254,0.141801481141042,19.7229883644923,1.3689614017244e-86,3.70315660534261e-85,"CDKN2B-AS1","lncRNA"
"ENSG00000131188.12",278.109184303521,2.79120757149029,0.148061374063436,18.8516930168054,2.84587095051445e-79,6.34079285109481e-78,"PRR7","protein_coding"
"ENSG00000196584.3",603.062287165868,2.78805321916478,0.0972530668989754,28.6680236219281,9.55749691579293e-181,1.3801025546405e-178,"XRCC2","protein_coding"
"ENSG00000157734.14",683.399882499246,2.78682031919883,0.186804347214127,14.9183911443152,2.50234316269381e-50,2.50102353544914e-49,"SNX22","protein_coding"
"ENSG00000167755.15",2060.46884236538,2.78555929467861,0.264499242808526,10.5314452514146,6.18770633632065e-26,2.68973633805315e-25,"KLK6","protein_coding"
"ENSG00000228232.1",602.06317348216,2.78162179102533,0.208551223591474,13.3378349123195,1.39451021096183e-40,1.01700643668126e-39,"GAPDHP1","processed_pseudogene"
"ENSG00000186891.14",343.54205844343,2.77740390669574,0.165467965662358,16.7851456659781,3.13459281604982e-63,4.62097192775376e-62,"TNFRSF18","protein_coding"
"ENSG00000100453.13",407.867370847896,2.77333336338968,0.183362438173806,15.1248717622356,1.11016690086647e-51,1.15925279276429e-50,"GZMB","protein_coding"
"ENSG00000105131.8",223.780460324599,2.77207038377173,0.218139110464576,12.7078100660995,5.3512096843505e-37,3.45182051623579e-36,"EPHX3","protein_coding"
"ENSG00000130540.14",143.225289486023,2.77197321333448,0.206405924670375,13.4297172804572,4.04954556003455e-41,3.01050305375062e-40,"SULT4A1","protein_coding"
"ENSG00000138944.8",388.451401763183,2.77133051771869,0.214239569421922,12.9356613495654,2.83175753663371e-38,1.90441817566824e-37,"SHISAL1","protein_coding"
"ENSG00000151725.12",1350.59379266344,2.76831413365692,0.0962060695231223,28.7748387121416,4.42964148063335e-182,6.48910378061476e-180,"CENPU","protein_coding"
"ENSG00000105290.13",680.408661553723,2.76634349214415,0.160558377124547,17.2295182704685,1.59473894648074e-66,2.56273788092644e-65,"APLP1","protein_coding"
"ENSG00000225556.1",209.522634387027,2.7636563274627,0.136363288092175,20.2668648294445,2.52222102317526e-91,7.67139722234369e-90,"C2CD4D","protein_coding"
"ENSG00000181085.15",577.554917305487,2.75798746004479,0.185869790710024,14.8382771052211,8.28567431405042e-50,8.12071066254896e-49,"MAPK15","protein_coding"
"ENSG00000105877.18",196.884688951244,2.75719079714947,0.190827384334136,14.4486118005038,2.55789361683285e-47,2.31262868326892e-46,"DNAH11","protein_coding"
"ENSG00000137309.20",12869.319294858,2.75554455544011,0.0944424621971718,29.1769664972016,3.80145245184883e-187,5.8515352360337e-185,"HMGA1","protein_coding"
"ENSG00000049768.16",316.732768238421,2.75522559829749,0.129119559097855,21.3385610789563,4.98039151133094e-101,1.91656589073096e-99,"FOXP3","protein_coding"
"ENSG00000187957.8",487.000750628167,2.75138704245487,0.240884240615057,11.4220300814602,3.2456267747575e-30,1.64665193772372e-29,"DNER","protein_coding"
"ENSG00000116329.11",112.453637753014,2.74653707148247,0.213870266609614,12.8420706394678,9.52911803255694e-38,6.30781434663298e-37,"OPRD1","protein_coding"
"ENSG00000187730.9",113.708777325463,2.74429352373829,0.15531713245188,17.6689685189013,7.27143084941804e-70,1.28346256739088e-68,"GABRD","protein_coding"
"ENSG00000179869.15",413.595508116077,2.74133148859025,0.243533290085776,11.2564959296723,2.15144242285092e-29,1.06341222543653e-28,"ABCA13","protein_coding"
"ENSG00000175175.6",162.706252474548,2.74024704526177,0.200968486021833,13.6352076860652,2.47285850601659e-42,1.9124448185781e-41,"PPM1E","protein_coding"
"ENSG00000141526.17",2158.71173206506,2.73736041297952,0.140777983245833,19.4445207259392,3.24290779769832e-84,8.24291165611097e-83,"SLC16A3","protein_coding"
"ENSG00000172243.18",1382.67380883674,2.73691146366491,0.151521302285887,18.0628823959087,6.24736169146264e-73,1.19901896159439e-71,"CLEC7A","protein_coding"
"ENSG00000175305.17",347.895795451518,2.73236921366915,0.12115024689782,22.5535587721392,1.2390973609657e-112,6.02153659838524e-111,"CCNE2","protein_coding"
"ENSG00000097046.13",1023.7191565102,2.73137528229425,0.0944213358166892,28.9275221396674,5.3822809112772e-184,8.16061431767849e-182,"CDC7","protein_coding"
"ENSG00000180537.13",327.563024592063,2.72568732887014,0.214378998690897,12.7143393033577,4.92252459032481e-37,3.17935326255611e-36,"RNF182","protein_coding"
"ENSG00000151012.13",552.419759145531,2.72270985304855,0.146020482315805,18.646081767899,1.35877870514602e-77,2.90575496860704e-76,"SLC7A11","protein_coding"
"ENSG00000100302.7",2480.86495310073,2.72229452337801,0.154024353183137,17.6744421717595,6.5989894184427e-70,1.16680906778342e-68,"RASD2","protein_coding"
"ENSG00000136492.9",703.085583440502,2.71868607482877,0.106915168191134,25.4284412663367,1.22271078508965e-142,1.07160352159128e-140,"BRIP1","protein_coding"
"ENSG00000211973.2",501.037033444197,2.71858730904785,0.275980544887927,9.85064838592822,6.81031984689134e-23,2.62810052223381e-22,"IGHV1-69","IG_V_gene"
"ENSG00000124256.15",340.354951694476,2.70960035878487,0.180464996519315,15.0145480344986,5.8962394238539e-51,6.03434236547235e-50,"ZBP1","protein_coding"
"ENSG00000159753.14",406.58023074518,2.70747749188273,0.153728543844132,17.6120675066556,1.99040176396246e-69,3.46878983278148e-68,"CARMIL2","protein_coding"
"ENSG00000163507.14",837.90687614378,2.70000138942771,0.0808134807083144,33.4102845931486,9.72053343770446e-245,2.67968596331773e-242,"CIP2A","protein_coding"
"ENSG00000211662.2",6334.7308483268,2.69666888675257,0.259641080643577,10.3861410531349,2.8672002326242e-25,1.21584365618929e-24,"IGLV3-21","IG_V_gene"
"ENSG00000146453.13",183.326007917171,2.69645363834481,0.286975376999888,9.39611497869333,5.66149720815045e-21,2.02619191950849e-20,"PNLDC1","protein_coding"
"ENSG00000164398.15",209.613966396408,2.68276802307,0.206961399813432,12.9626491968474,1.99245538406038e-38,1.34653927047575e-37,"ACSL6","protein_coding"
"ENSG00000104738.18",10862.4245257869,2.68272634209995,0.0861321255683604,31.1466404015625,5.63216970844712e-213,1.1236178568352e-210,"MCM4","protein_coding"
"ENSG00000171124.13",400.603095012042,2.68229469926675,0.198046371147611,13.5437710053649,8.62452688754616e-42,6.54152459574662e-41,"FUT3","protein_coding"
"ENSG00000104549.12",5497.83296591639,2.67485752891779,0.114591051502013,23.3426388348552,1.63708515019124e-120,9.15921957461241e-119,"SQLE","protein_coding"
"ENSG00000137135.18",384.374632181551,2.67317899232007,0.0831195785473483,32.1606418011049,6.27062682473574e-227,1.45153044147547e-224,"ARHGEF39","protein_coding"
"ENSG00000006118.15",5690.80141144591,2.67172454483497,0.123076160265585,21.7078964688992,1.72786532110833e-104,7.04244462329152e-103,"TMEM132A","protein_coding"
"ENSG00000149968.12",782.82586634043,2.66839398180863,0.214821389787,12.4214538619939,1.99895463179571e-35,1.21817323662727e-34,"MMP3","protein_coding"
"ENSG00000159166.15",4512.47273939198,2.66700482549291,0.147684283398307,18.0588263295422,6.72369927649218e-73,1.28880819760018e-71,"LAD1","protein_coding"
"ENSG00000124507.11",184.349361160018,2.66028353851788,0.142520704226207,18.6659443830386,9.37039757648572e-78,2.01809613714029e-76,"PACSIN1","protein_coding"
"ENSG00000175946.8",120.788456250143,2.65926357254671,0.190955908086767,13.9260607288379,4.39960844252204e-44,3.59025097984495e-43,"KLHL38","protein_coding"
"ENSG00000171551.12",303.418245143455,2.65644925243086,0.230390353909949,11.530210390098,9.29163678932251e-31,4.80572392971884e-30,"ECEL1","protein_coding"
"ENSG00000106236.4",239.079660061467,2.65344701774504,0.22435613509853,11.8269420917762,2.83274489874686e-32,1.54580090533741e-31,"NPTX2","protein_coding"
"ENSG00000263934.5",127.693585771391,2.65123235415451,0.193620695291044,13.6929182604642,1.1192226587027e-42,8.75175551895322e-42,"SNORD3A","snoRNA"
"ENSG00000250366.3",149.828980979733,2.65088327848902,0.382357796849302,6.93299129855015,4.12033558957296e-12,9.77125646501998e-12,"TUNAR","protein_coding"
"ENSG00000050344.9",1817.99882126329,2.65056785520011,0.102843189184449,25.7729060739874,1.78508286634173e-146,1.66045560855665e-144,"NFE2L3","protein_coding"
"ENSG00000188389.11",151.343082951368,2.65026591195965,0.179492363974046,14.765340726934,2.45080571027799e-49,2.35407768002755e-48,"PDCD1","protein_coding"
"ENSG00000183010.17",3532.11929184882,2.64940605225527,0.117612284640602,22.5266098720155,2.27733203827693e-112,1.0978985171496e-110,"PYCR1","protein_coding"
"ENSG00000156738.18",583.887873713972,2.64886206451407,0.25564600896275,10.3614450124275,3.71309567255086e-25,1.56796982557349e-24,"MS4A1","protein_coding"
"ENSG00000228288.7",493.768066659139,2.64445943617704,0.121998132344622,21.6762288516593,3.43932900950161e-104,1.39244609992159e-102,"PCAT6","lncRNA"
"ENSG00000228630.5",243.36560512829,2.6430766672187,0.2141141915404,12.3442385962539,5.23269270006888e-35,3.14334733432822e-34,"HOTAIR","lncRNA"
"ENSG00000136943.11",1250.24320376613,2.63796642192897,0.160416005796492,16.4445337535431,9.17880178030879e-61,1.27036962659098e-59,"CTSV","protein_coding"
"ENSG00000162073.14",736.053477188186,2.63307521322645,0.0891854519628246,29.5235955559659,1.43373130917317e-191,2.31257809677484e-189,"PAQR4","protein_coding"
"ENSG00000182492.16",38357.6170467396,2.63263410884841,0.144103772596958,18.269015872413,1.46061046967737e-74,2.91775704100768e-73,"BGN","protein_coding"
"ENSG00000160326.14",577.466109873773,2.63161370380888,0.13257425913677,19.8501105791132,1.09958756094687e-87,3.03955270721539e-86,"SLC2A6","protein_coding"
"ENSG00000176890.16",508.564576161724,2.62831286537648,0.111430591968971,23.586995446532,5.24100373950551e-123,3.09801554379659e-121,"TYMS","protein_coding"
"ENSG00000019505.8",506.058553874447,2.62564842013402,0.245396186669595,10.6996300788864,1.02185336072269e-26,4.57570604113334e-26,"SYT13","protein_coding"
"ENSG00000151651.16",1197.02953878635,2.62385493071697,0.118613572722001,22.121034469357,1.98328293601136e-108,8.81833896651152e-107,"ADAM8","protein_coding"
"ENSG00000101489.20",130.518524344522,2.62176112842305,0.1596260387735,16.4243950959854,1.27953420690868e-60,1.76366342228632e-59,"CELF4","protein_coding"
"ENSG00000139714.12",319.824196078926,2.62029779334525,0.15777700896797,16.6076021499253,6.13988440044058e-62,8.7782109645903e-61,"MORN3","protein_coding"
"ENSG00000137563.13",2805.19892086867,2.61806148503902,0.0913601412609104,28.6564955888393,1.33050886895761e-180,1.91214933375691e-178,"GGH","protein_coding"
"ENSG00000255750.6",157.752371488678,2.61693130371595,0.220601489081826,11.8627091530886,1.84894187379211e-32,1.01700187521988e-31,"AC022509.1","lncRNA"
"ENSG00000261061.1",352.130480594048,2.6142076404927,0.085746894038013,30.4874907694474,3.81763631379743e-204,6.89083354640435e-202,"AC092718.4","lncRNA"
"ENSG00000115414.21",166740.081170637,2.61118307134234,0.147635881852112,17.686642559957,5.31493795568006e-70,9.41964807528008e-69,"FN1","protein_coding"
"ENSG00000100285.10",598.204184058339,2.6061388661884,0.242651569805551,10.7402514159576,6.58647752031115e-27,2.97082172134338e-26,"NEFH","protein_coding"
"ENSG00000197275.14",179.944268150216,2.60555089382622,0.0796995388399811,32.692170265346,2.01789119155059e-234,5.05706880103969e-232,"RAD54B","protein_coding"
"ENSG00000186684.14",227.576180149379,2.60245168696439,0.185473186727049,14.0314173325457,1.00130221306386e-44,8.35539028864847e-44,"CYP27C1","protein_coding"
"ENSG00000100167.20",2057.86873097309,2.60195964541427,0.161061060630309,16.1551130684944,1.04526740623015e-58,1.36977911955588e-57,"SEPTIN3","protein_coding"
"ENSG00000147804.10",1576.03701044913,2.60119112681216,0.118996913450552,21.8593159384177,6.33869372260586e-106,2.67708284741365e-104,"SLC39A4","protein_coding"
"ENSG00000006016.11",1201.4280476626,2.6002295674375,0.244567514344973,10.6319499317058,2.11640488150526e-26,9.37313591744787e-26,"CRLF1","protein_coding"
"ENSG00000140835.10",127.699631598618,2.59828972403963,0.224769872618496,11.5597775349979,6.58792376917868e-31,3.42427494646168e-30,"CHST4","protein_coding"
"ENSG00000156802.13",5550.14602428298,2.59802503316514,0.0912941354085451,28.4577428937672,3.90844109173969e-178,5.38725307572338e-176,"ATAD2","protein_coding"
"ENSG00000160606.11",543.749906623791,2.59534264189784,0.122492342756346,21.1877949551535,1.23758850528032e-99,4.60474034774485e-98,"TLCD1","protein_coding"
"ENSG00000261236.8",5523.61684201462,2.59371236239771,0.103822441439806,24.9821938920737,9.54661278761222e-138,7.59820173678617e-136,"BOP1","protein_coding"
"ENSG00000211945.2",3948.60724162114,2.5933429567279,0.25948809973928,9.99407278920903,1.61794252565405e-23,6.42095133463336e-23,"IGHV1-18","IG_V_gene"
"ENSG00000128383.13",118.254180525555,2.59132076748518,0.203811466529916,12.7143031332088,4.92480271811188e-37,3.18014730885913e-36,"APOBEC3A","protein_coding"
"ENSG00000169174.11",116.342199354554,2.58951666720876,0.231352984250013,11.1929252851581,4.41619091503067e-29,2.15716129683296e-28,"PCSK9","protein_coding"
"ENSG00000243742.5",159.504216714589,2.58783529892891,0.12444775341412,20.7945521548907,4.8485878385328e-96,1.66133986006405e-94,"RPLP0P2","transcribed_processed_pseudogene"
"ENSG00000169684.13",116.158497761052,2.58461994596702,0.122935292352414,21.0242306868054,3.93725769746094e-98,1.4129396735835e-96,"CHRNA5","protein_coding"
"ENSG00000198729.5",1809.5667071249,2.58349996421745,0.174634453879763,14.7937586588509,1.60722167747187e-49,1.55511774561765e-48,"PPP1R14C","protein_coding"
"ENSG00000188322.8",2087.70149078408,2.58141546579302,0.146256048862579,17.6499740412002,1.01802984557404e-69,1.78753543932757e-68,"SBK1","protein_coding"
"ENSG00000181143.15",4163.63983458698,2.57560124832317,0.221953827055587,11.6042209431159,3.92243495986961e-31,2.05678571196759e-30,"MUC16","protein_coding"
"ENSG00000122966.17",1398.56501367754,2.57054330010416,0.0831864164851158,30.9009981282713,1.15814247018415e-209,2.25125078627334e-207,"CIT","protein_coding"
"ENSG00000280079.1",133.774511072797,2.5698983976957,0.143344697046713,17.9281023340419,7.11675497659992e-72,1.32073731891319e-70,"AC011447.7","TEC"
"ENSG00000011422.12",2879.07281876176,2.56883450454738,0.103679863891419,24.776599892508,1.6027534043597e-135,1.21504735584509e-133,"PLAUR","protein_coding"
"ENSG00000133019.12",916.247370255496,2.56815564086147,0.193601323464312,13.2651760582353,3.68554271388623e-40,2.64521650309789e-39,"CHRM3","protein_coding"
"ENSG00000183837.9",185.988392121328,2.56415550160925,0.180288969298968,14.2224757930541,6.64594275258038e-46,5.74000478579457e-45,"PNMA3","protein_coding"
"ENSG00000164379.7",308.440569017615,2.56348354642562,0.214787030927103,11.9350015471634,7.77574456079007e-33,4.33201686682708e-32,"FOXQ1","protein_coding"
"ENSG00000184368.16",252.874952095707,2.55960721153376,0.196034309789627,13.0569348512543,5.801705795328e-39,3.99389163535814e-38,"MAP7D2","protein_coding"
"ENSG00000165490.13",631.033828283367,2.55646083489614,0.096570156154273,26.4725763807624,2.00597778662733e-154,2.1494441838052e-152,"DDIAS","protein_coding"
"ENSG00000275874.1",150.236148561923,2.55488086456935,0.214110745598069,11.9325205161136,8.01105390937084e-33,4.4614728879295e-32,"PICSAR","lncRNA"
"ENSG00000143590.14",774.439773467207,2.55471883959403,0.145710245718033,17.5328703002651,8.04061140825537e-69,1.37909219651547e-67,"EFNA3","protein_coding"
"ENSG00000213186.8",749.312815639892,2.55133345532126,0.0898991219076269,28.3799596835084,3.57438553422632e-177,4.79600296194154e-175,"TRIM59","protein_coding"
"ENSG00000183682.8",404.766290189714,2.54824596706995,0.128138171613189,19.8867046016728,5.30485637222405e-88,1.47853368227318e-86,"BMP8A","protein_coding"
"ENSG00000128965.13",270.054207909005,2.54757810016709,0.121694646998392,20.9341837377675,2.61505699998448e-97,9.24230634819691e-96,"CHAC1","protein_coding"
"ENSG00000281406.2",292.760071770363,2.54525989694053,0.165890316901168,15.3430287221461,3.94357801157625e-53,4.31870926771535e-52,"BLACAT1","protein_coding"
"ENSG00000234753.5",110.869791880727,2.54162791454,0.13630103278295,18.6471654883742,1.33151949599679e-77,2.84947051493343e-76,"FOXP4-AS1","lncRNA"
"ENSG00000189334.9",8109.45822730424,2.53908454548941,0.193749999979936,13.1049524942057,3.08455310049756e-39,2.14139167169157e-38,"S100A14","protein_coding"
"ENSG00000169583.13",370.413713423358,2.53654562125991,0.187982539265687,13.4935171700966,1.70756177890208e-41,1.28105154338018e-40,"CLIC3","protein_coding"
"ENSG00000073111.14",2441.17822821763,2.53557845111347,0.105448302188008,24.0457020027945,9.25838636097149e-128,6.06374315356586e-126,"MCM2","protein_coding"
"ENSG00000188486.3",2580.25058112869,2.5256976224397,0.0912197757729404,27.6880490117246,9.72557741606449e-169,1.22882670651975e-166,"H2AX","protein_coding"
"ENSG00000273032.3",209.840664298455,2.52488943900364,0.143454521288766,17.600626430736,2.43614716930301e-69,4.23830905117295e-68,"DGCR5","lncRNA"
"ENSG00000185803.12",4413.78193303215,2.52423332036826,0.0936032948317128,26.9673554216924,3.57046864576147e-160,4.14831000820195e-158,"SLC52A2","protein_coding"
"ENSG00000185479.6",11057.0344135761,2.52406632427016,0.24229311520818,10.4174083613621,2.06503613792971e-25,8.79743689892955e-25,"KRT6B","protein_coding"
"ENSG00000124102.5",1423.71422880528,2.52405457093884,0.283389197019652,8.90667180500818,5.2587441977608e-19,1.72823963052884e-18,"PI3","protein_coding"
"ENSG00000136982.6",918.66252381202,2.52281636527808,0.0773732656866084,32.6057888715265,3.39523538646716e-233,8.37049738692929e-231,"DSCC1","protein_coding"
"ENSG00000198910.14",1173.65429682342,2.52124791984851,0.209374565505743,12.0418060988375,2.14213704361541e-33,1.21941362325124e-32,"L1CAM","protein_coding"
"ENSG00000198937.9",1060.97342147294,2.51654858500677,0.084677108734615,29.7193494512648,4.31856618747497e-194,7.19539566313137e-192,"CCDC167","protein_coding"
"ENSG00000108813.11",109.241231963796,2.51291886071102,0.141235326910397,17.7924242870572,8.09027068765969e-71,1.4637790473305e-69,"DLX4","protein_coding"
"ENSG00000211673.2",5602.36669730242,2.50912293219259,0.251158680751242,9.99018996551318,1.68258979008409e-23,6.67227053674774e-23,"IGLV3-1","IG_V_gene"
"ENSG00000187951.11",265.391104644565,2.50870841284781,0.0942498213118065,26.6176463565724,4.24165486557315e-156,4.66028775882754e-154,"AC091057.1","lncRNA"
"ENSG00000164087.8",683.982727741167,2.50798783254041,0.0767030289821579,32.6973766984326,1.70177343450475e-234,4.33651912839682e-232,"POC1A","protein_coding"
"ENSG00000117394.24",9725.12941129769,2.50204239483706,0.129962492160359,19.2520345927948,1.35726476791397e-82,3.31649450622266e-81,"SLC2A1","protein_coding"
"ENSG00000064886.14",6063.82461348805,2.50143307751379,0.178166804942764,14.0398379951719,8.89156581600015e-45,7.42571858453287e-44,"CHI3L2","protein_coding"
"ENSG00000223350.2",279.306920805828,2.5012670300584,0.286785460298245,8.72173584901127,2.7396886780886e-18,8.74692771892595e-18,"IGLV9-49","IG_V_gene"
"ENSG00000164932.13",4094.61710738579,2.49922446585018,0.123898634409475,20.171525519728,1.74182148198839e-90,5.19871994289526e-89,"CTHRC1","protein_coding"
"ENSG00000115828.17",1406.19286117345,2.4985413234303,0.158737261775561,15.7401059806802,8.03090614644687e-56,9.58399047559445e-55,"QPCT","protein_coding"
"ENSG00000156966.7",1054.53873766452,2.49607314041028,0.16210558621241,15.3978231024046,1.69272576319677e-53,1.88160615994057e-52,"B3GNT7","protein_coding"
"ENSG00000143882.12",531.477726927903,2.49306763637506,0.149570188924757,16.6682121236687,2.23170477846908e-62,3.22104786779136e-61,"ATP6V1C2","protein_coding"
"ENSG00000100473.18",262.464223775667,2.49132617505374,0.207369516812153,12.0139459904829,3.00172525023784e-33,1.69726489815797e-32,"COCH","protein_coding"
"ENSG00000185634.12",1514.45785816389,2.48676618691726,0.20426148801434,12.1744251013323,4.2538071884309e-34,2.47586274821456e-33,"SHC4","protein_coding"
"ENSG00000058335.16",325.735309528443,2.48575601022884,0.184624022397162,13.4638817741794,2.5515173165384e-41,1.90478116953989e-40,"RASGRF1","protein_coding"
"ENSG00000168394.11",8890.92061036875,2.48379982767342,0.129944685481645,19.1142855782607,1.92031652309899e-81,4.55646934635789e-80,"TAP1","protein_coding"
"ENSG00000197903.8",1817.00206595606,2.47740135420851,0.119799800247127,20.6795115609379,5.29744677329078e-95,1.76721425691166e-93,"H2BC12","protein_coding"
"ENSG00000181458.10",3472.35699741266,2.47546562164603,0.151290674104935,16.3623147050626,3.55360026190234e-60,4.85402587125796e-59,"TMEM45A","protein_coding"
"ENSG00000128011.5",579.712826033048,2.47510134609283,0.121857818074567,20.3113873627564,1.01982669809995e-91,3.13325479160922e-90,"LRFN1","protein_coding"
"ENSG00000133069.17",674.528428714213,2.47297939255223,0.142711185440924,17.3285603711556,2.86408413612776e-67,4.70479346391865e-66,"TMCC2","protein_coding"
"ENSG00000213190.4",597.108952537203,2.47291713298858,0.144713934772045,17.0883138302054,1.81341967204641e-65,2.84480797388181e-64,"MLLT11","protein_coding"
"ENSG00000034053.14",836.960098958345,2.46889007765732,0.127004438791037,19.4393999230171,3.58332398357219e-84,9.09294698559356e-83,"APBA2","protein_coding"
"ENSG00000109265.14",239.018045765893,2.46129942964248,0.187079997675048,13.1564007923374,1.56358587924404e-39,1.09831313880464e-38,"CRACD","protein_coding"
"ENSG00000131153.9",1068.09577438929,2.45347354108494,0.102195617077763,24.0076200060326,2.31522633851295e-127,1.48429013718957e-125,"GINS2","protein_coding"
"ENSG00000117322.18",294.002624199054,2.44690341427977,0.245597761556223,9.96305258962884,2.21165580953363e-23,8.71103400029844e-23,"CR2","protein_coding"
"ENSG00000162670.11",140.024563081369,2.44041958825974,0.36710957872,6.64765979893182,2.97789609824991e-11,6.76518739012063e-11,"BRINP3","protein_coding"
"ENSG00000135454.14",394.274954404104,2.43972987480216,0.148036537478445,16.480592672315,5.05865154943673e-61,7.05605103887394e-60,"B4GALNT1","protein_coding"
"ENSG00000179967.11",877.513036425757,2.43537095518107,0.100019302098235,24.3490096820426,5.93904744998359e-131,4.21769730382441e-129,"PPP1R14BP3","processed_pseudogene"
"ENSG00000138346.15",675.967350630924,2.43498316916016,0.0932023851991372,26.1257602362595,1.8587738883001e-150,1.8664059400269e-148,"DNA2","protein_coding"
"ENSG00000173110.8",521.393781787698,2.43164933407348,0.155413877844054,15.6462818366418,3.52205220735437e-55,4.13483202229245e-54,"HSPA6","protein_coding"
"ENSG00000163735.7",341.723434741099,2.42906376499651,0.25527796398416,9.51536798196664,1.81070898654537e-21,6.62499267712378e-21,"CXCL5","protein_coding"
"ENSG00000121380.12",331.764045023043,2.42818296683189,0.199901905962244,12.146872513014,5.96022244913526e-34,3.46108359914932e-33,"BCL2L14","protein_coding"
"ENSG00000133101.10",181.403859121693,2.42778796941751,0.210418040925453,11.5379268751847,8.49478919511531e-31,4.39883858525745e-30,"CCNA1","protein_coding"
"ENSG00000173457.11",5481.67977287762,2.42692339424262,0.0915501629381378,26.5092198239181,7.58839159492652e-155,8.18898173396981e-153,"PPP1R14B","protein_coding"
"ENSG00000144395.18",182.380329316115,2.42683328696906,0.0941312066907773,25.7813893211977,1.43399292046302e-146,1.33798157908064e-144,"CCDC150","protein_coding"
"ENSG00000184343.11",194.02638337018,2.42217346209659,0.161960026095105,14.9553783146112,1.43662978407805e-50,1.44780197980668e-49,"SRPK3","protein_coding"
"ENSG00000255224.1",132.946557865662,2.4203436736987,0.114178805569604,21.1978366880292,9.99880403728907e-100,3.72486159246626e-98,"AC109322.1","lncRNA"
"ENSG00000121039.10",7263.52438383377,2.41975407571769,0.161851820259327,14.9504285576809,1.54750089889882e-50,1.55539997541292e-49,"RDH10","protein_coding"
"ENSG00000173557.15",116.928351028925,2.41747108989715,0.166877205476838,14.486526682835,1.47410600727252e-47,1.34196309109973e-46,"FAM166C","protein_coding"
"ENSG00000185760.17",286.516601372109,2.41701103515275,0.177926624370183,13.5843134421753,4.96162575003593e-42,3.79461133024186e-41,"KCNQ5","protein_coding"
"ENSG00000176406.23",203.49140479395,2.41683039484086,0.222063487936269,10.883510915286,1.38137752396509e-27,6.37966677379188e-27,"RIMS2","protein_coding"
"ENSG00000163975.12",5190.81333079826,2.41509529223911,0.16204925122566,14.9034646810925,3.12923075232487e-50,3.11628221128077e-49,"MELTF","protein_coding"
"ENSG00000203499.12",2752.21484157002,2.41508215106008,0.130824996333294,18.4604029715188,4.30120645295411e-76,8.89091918741516e-75,"IQANK1","protein_coding"
"ENSG00000250982.2",112.924956365586,2.41453017505338,0.171248799676808,14.0995451040255,3.82225559128645e-45,3.22948115213625e-44,"GAPDHP35","processed_pseudogene"
"ENSG00000105699.16",11061.8673744301,2.41350937939433,0.109164841697509,22.1088524644415,2.59790795827991e-108,1.14838135461924e-106,"LSR","protein_coding"
"ENSG00000142731.11",754.244854220726,2.41220660539644,0.0808593710966857,29.8321217773522,1.49758030297065e-195,2.53701816241799e-193,"PLK4","protein_coding"
"ENSG00000127252.7",305.767378168807,2.41127900058554,0.132765741112899,18.1619066814464,1.03371377684716e-73,2.01843764128224e-72,"PLAAT1","protein_coding"
"ENSG00000167889.13",153.44766339969,2.40829381474619,0.201056205254018,11.978211822428,4.62185388581528e-33,2.5935066105378e-32,"MGAT5B","protein_coding"
"ENSG00000134323.12",176.70727110315,2.40655879480772,0.183066849421591,13.1457923835548,1.79910913790025e-39,1.26112310443105e-38,"MYCN","protein_coding"
"ENSG00000140525.19",2326.18562742673,2.40577654818839,0.0866234435890608,27.7728112449711,9.24240759960767e-170,1.17759146239707e-167,"FANCI","protein_coding"
"ENSG00000115596.4",328.867775466414,2.40371709405726,0.193036439256247,12.4521416957264,1.36142152712586e-35,8.35196164041365e-35,"WNT6","protein_coding"
"ENSG00000174939.11",331.128556737788,2.40174903716037,0.184480286040515,13.0190010472604,9.54109177533678e-39,6.52218365634158e-38,"ASPHD1","protein_coding"
"ENSG00000003249.15",2605.53340880873,2.40015826845474,0.130054066008644,18.4550805839104,4.74656641545942e-76,9.7914884341763e-75,"DBNDD1","protein_coding"
"ENSG00000136490.9",1410.95371917811,2.3940816781819,0.116226654311792,20.5983876276735,2.83733441759289e-94,9.32170410390973e-93,"LIMD2","protein_coding"
"ENSG00000196787.3",204.148096328838,2.38890489566923,0.181826849663048,13.1383505796653,1.98506611458365e-39,1.38813777348858e-38,"H2AC11","protein_coding"
"ENSG00000115590.14",201.559078901912,2.38360891910182,0.179297290163614,13.2941714675482,2.50229637386186e-40,1.80579807808155e-39,"IL1R2","protein_coding"
"ENSG00000088305.18",717.374771341507,2.38241714504144,0.100376022054018,23.7349229057844,1.5726509617954e-124,9.53781355309677e-123,"DNMT3B","protein_coding"
"ENSG00000171119.2",231.231866005103,2.37721579077278,0.174807798416515,13.5990259719911,4.05801752785576e-42,3.11927309289475e-41,"NRTN","protein_coding"
"ENSG00000171793.16",3245.79130407434,2.37533747542239,0.0673267563108126,35.280735410105,1.15959354011698e-272,3.99585392164856e-270,"CTPS1","protein_coding"
"ENSG00000079931.15",1216.36259596344,2.37468053904702,0.174004404151711,13.6472438765204,2.0965922289649e-42,1.62809379644383e-41,"MOXD1","protein_coding"
"ENSG00000185332.8",100.002579422791,2.37292761413582,0.175702333014304,13.5053847801932,1.45352341119975e-41,1.09452803380237e-40,"TMEM105","lncRNA"
"ENSG00000161800.13",2729.57443370705,2.37286840645884,0.0711087042413522,33.3695914132398,3.7871536009154e-244,1.034609421569e-241,"RACGAP1","protein_coding"
"ENSG00000276180.1",792.579467058948,2.36853940741156,0.112650743931602,21.0255105714141,3.83248897235207e-98,1.37697151181996e-96,"H4C9","protein_coding"
"ENSG00000254615.3",194.485465602983,2.36656224678357,0.152733138397136,15.4947529502736,3.76404840615581e-54,4.27174415674658e-53,"AC027031.2","lncRNA"
"ENSG00000029153.14",1718.22319960481,2.35692117520619,0.146405685429011,16.0985631691811,2.61097555726701e-58,3.37346496798317e-57,"ARNTL2","protein_coding"
"ENSG00000005073.6",113.495279141086,2.35251648870742,0.236036143162745,9.96676380653013,2.13058002505205e-23,8.39606350613104e-23,"HOXA11","protein_coding"
"ENSG00000247095.3",247.706553673293,2.35070996630644,0.136682682343462,17.1983013941699,2.73430140893993e-66,4.36394504866813e-65,"MIR210HG","lncRNA"
"ENSG00000089012.14",174.275683856337,2.35014200453754,0.176572415865777,13.3097913001543,2.03048118324753e-40,1.47196536937122e-39,"SIRPG","protein_coding"
"ENSG00000157601.14",10478.4079062251,2.34840894046129,0.153057296661346,15.3433321487271,3.92518426158345e-53,4.30011876980695e-52,"MX1","protein_coding"
"ENSG00000267374.2",129.447746339277,2.3477354068214,0.125212286545624,18.7500402044486,1.93444736567198e-78,4.21409352849404e-77,"MIR924HG","lncRNA"
"ENSG00000017483.15",562.671764166028,2.34661264718549,0.143014901901822,16.4081687710866,1.6717203752722e-60,2.29693016129379e-59,"SLC38A5","protein_coding"
"ENSG00000134668.12",181.591024868741,2.34628550101894,0.164916208589762,14.2271370478536,6.217554023344e-46,5.37460399668995e-45,"SPOCD1","protein_coding"
"ENSG00000211946.3",452.252408866529,2.34164772798536,0.292648594333215,8.00156834281296,1.22844373725687e-15,3.47753247652888e-15,"IGHV3-20","IG_V_gene"
"ENSG00000132821.12",195.467642921209,2.34112040428303,0.198898141888482,11.7704488440905,5.54288129476134e-32,2.99238619160304e-31,"VSTM2L","protein_coding"
"ENSG00000114346.14",3290.08490300758,2.33909820158442,0.0888331048018469,26.3313795774905,8.38759772919846e-153,8.68073425051925e-151,"ECT2","protein_coding"
"ENSG00000119969.15",1102.71234767413,2.33905849497465,0.0997159949814601,23.4572045879855,1.11604867163447e-121,6.34954219861982e-120,"HELLS","protein_coding"
"ENSG00000152766.6",488.27969958383,2.33745792948391,0.161630940713402,14.4616984790592,2.11513212425511e-47,1.91804026722224e-46,"ANKRD22","protein_coding"
"ENSG00000262902.1",666.146036426361,2.33581085536271,0.294886406614691,7.92105299860349,2.35507523373661e-15,6.57417853151329e-15,"MTCO1P40","processed_pseudogene"
"ENSG00000146386.8",3359.74167182939,2.33537767162903,0.0968553743648216,24.1120091367615,1.87046215020278e-128,1.25209479564568e-126,"ABRACL","protein_coding"
"ENSG00000008735.14",1066.28409177086,2.33507416336832,0.17570214742626,13.2899580202815,2.64726696156928e-40,1.90723980381627e-39,"MAPK8IP2","protein_coding"
"ENSG00000115884.11",21779.231544761,2.33249391183593,0.145198446988097,16.0641794745032,4.54843297795226e-58,5.83199499464796e-57,"SDC1","protein_coding"
"ENSG00000079462.8",1707.5839841284,2.32908396092276,0.106704277287499,21.8274657785965,1.27284578883645e-105,5.30918510325674e-104,"PAFAH1B3","protein_coding"
"ENSG00000116031.9",271.952269258065,2.3279263145803,0.206114082494734,11.294358378641,1.39922165618812e-29,6.9603014275342e-29,"CD207","protein_coding"
"ENSG00000158055.16",407.179184792553,2.32186858037739,0.164783885460935,14.0903861678139,4.35175419756773e-45,3.66766521086837e-44,"GRHL3","protein_coding"
"ENSG00000189280.3",333.04238268843,2.32075296994112,0.229122177423585,10.1288884211792,4.11298350201731e-24,1.67277510347603e-23,"GJB5","protein_coding"
"ENSG00000211976.2",658.508806214561,2.31623759857547,0.278661099712959,8.31202346133477,9.40838182869629e-17,2.80310248156206e-16,"IGHV3-73","IG_V_gene"
"ENSG00000158714.11",274.504035452108,2.31165810561106,0.152736576316173,15.1349346788145,9.52752607841061e-52,9.96938236030791e-51,"SLAMF8","protein_coding"
"ENSG00000163923.10",1215.00293905508,2.31146451510581,0.0936268002499788,24.6880648375713,1.43675121315192e-134,1.0704679063297e-132,"RPL39L","protein_coding"
"ENSG00000171631.15",399.265650490022,2.31137317469252,0.128108823291708,18.0422637200363,9.07492068264742e-73,1.73401319962571e-71,"P2RY6","protein_coding"
"ENSG00000025708.14",5120.74911547181,2.30986618313243,0.128480088292334,17.978398161408,2.87684415527268e-72,5.4016979668414e-71,"TYMP","protein_coding"
"ENSG00000168496.4",2627.48163342716,2.30984368221599,0.0692310667920873,33.3642653399065,4.52441710126083e-244,1.22498593016637e-241,"FEN1","protein_coding"
"ENSG00000166451.13",567.952171369094,2.3087237266377,0.0723663867176384,31.9032610491658,2.40599436470619e-223,5.40439800854448e-221,"CENPN","protein_coding"
"ENSG00000132182.12",7209.35925728509,2.30388589121999,0.126065837135554,18.2752595276285,1.30268805429342e-74,2.61088648766646e-73,"NUP210","protein_coding"
"ENSG00000153976.3",100.192824320384,2.30277671600461,0.144709558371468,15.913093384567,5.14093709257112e-57,6.355229367922e-56,"HS3ST3A1","protein_coding"
"ENSG00000285973.2",145.005488176472,2.3018001051067,0.163662169326815,14.0643382314593,6.29085747618599e-45,5.28139429977475e-44,"AC063960.2","lncRNA"
"ENSG00000188368.10",147.812396787601,2.29925880891279,0.10532408674398,21.8303227684452,1.19573362062839e-105,5.00130018095658e-104,"PRR19","protein_coding"
"ENSG00000211670.2",483.598009814224,2.29906471068418,0.285507505630968,8.05255436491337,8.10837021208632e-16,2.31240683072797e-15,"IGLV3-9","IG_V_gene"
"ENSG00000262814.8",317.48950838372,2.29842024825234,0.155063308068033,14.8224636562243,1.04866618365988e-49,1.02250010782323e-48,"MRPL12","protein_coding"
"ENSG00000133048.13",17708.9024008594,2.29828195831237,0.19366536688321,11.867284250665,1.75058443420289e-32,9.64124997870837e-32,"CHI3L1","protein_coding"
"ENSG00000267287.1",110.060631403434,2.29709391610416,0.180354917137152,12.7365194837317,3.70560714518462e-37,2.40566968680322e-36,"AC068473.3","lncRNA"
"ENSG00000121957.15",1759.5692790113,2.29681518106494,0.0881141810300261,26.0663511164255,8.78047659943702e-150,8.72980893119109e-148,"GPSM2","protein_coding"
"ENSG00000243566.7",116.1214937911,2.29512528382705,0.220105801424224,10.4273729678007,1.85958523707448e-25,7.94002572923774e-25,"UPK3B","protein_coding"
"ENSG00000075618.18",10508.1632518024,2.29181153175562,0.119430334164204,19.1895262438488,4.52747993019811e-82,1.09134579811866e-80,"FSCN1","protein_coding"
"ENSG00000243069.8",210.277273136505,2.28955057875239,0.156227449364006,14.6552388077321,1.24717371556342e-48,1.17414764826902e-47,"ARHGEF26-AS1","lncRNA"
"ENSG00000272512.1",190.555853308171,2.28642663769762,0.1774754011387,12.8830622330063,5.60660624146326e-38,3.74069807846275e-37,"AL645608.7","lncRNA"
"ENSG00000178773.15",328.793069856329,2.28492569428198,0.188167143659979,12.1430641388215,6.2443050087867e-34,3.62327411187233e-33,"CPNE7","protein_coding"
"ENSG00000095777.17",126.08539456229,2.27989861750364,0.271568781830405,8.39528977571304,4.64746624851345e-17,1.40200722761562e-16,"MYO3A","protein_coding"
"ENSG00000161798.7",2542.00101166106,2.27938966158773,0.262914645896978,8.66969450793131,4.33281289491815e-18,1.37048313576195e-17,"AQP5","protein_coding"
"ENSG00000256870.3",141.108057052408,2.27805597355475,0.329642096181671,6.91069496263387,4.82285108541089e-12,1.14033634552826e-11,"SLC5A8","protein_coding"
"ENSG00000183734.4",164.106140621054,2.27621142489619,0.16908891296864,13.4616243308534,2.63068821258239e-41,1.96291804523495e-40,"ASCL2","protein_coding"
"ENSG00000243466.1",9716.26492917553,2.27602277604361,0.253401868671602,8.98187052832369,2.66201964994669e-19,8.88531467968999e-19,"IGKV1-5","IG_V_gene"
"ENSG00000173621.9",1030.88988074417,2.2758672987322,0.116009106476817,19.6180055846479,1.08528275311207e-85,2.85678074699396e-84,"LRFN4","protein_coding"
"ENSG00000123219.13",303.122993325074,2.27494957786184,0.0958502851972788,23.7344059350428,1.59210101619807e-124,9.63650124055693e-123,"CENPK","protein_coding"
"ENSG00000169783.13",862.270558168658,2.27305028052209,0.165643887981177,13.7225122413233,7.44406507820807e-43,5.85561165840678e-42,"LINGO1","protein_coding"
"ENSG00000139044.12",1883.19809529157,2.27004295104201,0.162334011810608,13.9837790351071,1.95808425379582e-44,1.61613900141819e-43,"B4GALNT3","protein_coding"
"ENSG00000181652.19",182.92194718738,2.26976393224857,0.131209134492085,17.2988255812746,4.80075785387009e-67,7.79743873383807e-66,"ATG9B","protein_coding"
"ENSG00000129451.12",1362.24779381453,2.26854238938029,0.24494754551801,9.26133954346359,2.0188332106411e-20,7.07081292209296e-20,"KLK10","protein_coding"
"ENSG00000134760.6",1726.19993743132,2.26849223000575,0.305817977942726,7.41778572099054,1.19094571166063e-13,3.05949150799703e-13,"DSG1","protein_coding"
"ENSG00000092929.12",2509.49029164123,2.26742450204494,0.12869592640036,17.6184636566601,1.77767410915913e-69,3.10340758124016e-68,"UNC13D","protein_coding"
"ENSG00000261189.1",181.701086739895,2.26702137080886,0.118992925803734,19.0517323235506,6.35635147736183e-81,1.48497690446472e-79,"AL031058.1","lncRNA"
"ENSG00000135074.16",1506.1364720322,2.26685083275696,0.115165129643668,19.6834826632923,2.98750121601509e-86,7.96772092123497e-85,"ADAM19","protein_coding"
"ENSG00000181218.5",865.600315135136,2.26605612897442,0.14524817210196,15.6012712324098,7.13589175887809e-55,8.28123925358665e-54,"H2AW","protein_coding"
"ENSG00000154645.14",440.209283657719,2.26217248167148,0.14813513776346,15.2710053524484,1.193192177395e-52,1.28534137077534e-51,"CHODL","protein_coding"
"ENSG00000085552.17",2762.93791930358,2.26210564888909,0.137695106697983,16.4283662879228,1.19844370543802e-60,1.65490013313763e-59,"IGSF9","protein_coding"
"ENSG00000160298.18",590.970469915701,2.26165278876428,0.0911020500758536,24.825487317587,4.75826988638672e-136,3.68086163354058e-134,"C21orf58","protein_coding"
"ENSG00000158008.10",901.684548889134,2.25878251376961,0.262760945207203,8.59634034269599,8.2298488916434e-18,2.57280348237314e-17,"EXTL1","protein_coding"
"ENSG00000246228.6",271.676204302442,2.25808911534195,0.205271556079984,11.0004968952547,3.80031996665916e-28,1.79279562335053e-27,"CASC8","lncRNA"
"ENSG00000134321.12",2651.61223799278,2.25800456695569,0.165503255241162,13.6432637754795,2.21424480430849e-42,1.71769658341905e-41,"RSAD2","protein_coding"
"ENSG00000158315.11",403.751335004409,2.25660797750415,0.10303129059937,21.9021616091252,2.4774448611404e-106,1.05366112158796e-104,"RHBDL2","protein_coding"
"ENSG00000165244.7",681.319293305571,2.25286525874965,0.0928012185554266,24.2762465172168,3.49387070291042e-130,2.4244424529761e-128,"ZNF367","protein_coding"
"ENSG00000114631.11",3021.98119681833,2.25111200560317,0.121747885245718,18.4899474932141,2.48796579460766e-76,5.1781108274319e-75,"PODXL2","protein_coding"
"ENSG00000141574.8",2502.2716739784,2.24506664576011,0.149048770675656,15.062631080974,2.85206677928593e-51,2.93870448573111e-50,"SECTM1","protein_coding"
"ENSG00000226278.1",228.708872372599,2.24451383604259,0.493794845866166,4.54543795835999,5.48211438396584e-06,9.18654048294541e-06,"PSPHP1","unprocessed_pseudogene"
"ENSG00000135925.9",253.084056405057,2.24385058064345,0.183842500849109,12.2052875166506,2.91277767864915e-34,1.70548504204203e-33,"WNT10A","protein_coding"
"ENSG00000176619.13",5730.50976576593,2.23921802357924,0.0815445835186637,27.4600461116677,5.27096775747924e-166,6.44503331765325e-164,"LMNB2","protein_coding"
"ENSG00000159259.8",1555.98255137459,2.2379770640267,0.0850533788754547,26.3126179537654,1.37537060850359e-152,1.41859654191371e-150,"CHAF1B","protein_coding"
"ENSG00000280411.1",1231.82337447431,2.23774685052908,0.261138677121684,8.56918965506724,1.04215778126912e-17,3.239609693409e-17,"IGHV1-69D","IG_V_gene"
"ENSG00000118849.10",9883.76120532359,2.23746277431797,0.194399783923531,11.5095949653838,1.18031442101126e-30,6.08187842017767e-30,"RARRES1","protein_coding"
"ENSG00000176244.7",473.713707224222,2.23507949715546,0.163259929649504,13.6903127543535,1.16008850393001e-42,9.0689672062835e-42,"ACBD7","protein_coding"
"ENSG00000196976.7",1481.19121519238,2.23458135903209,0.0921794397403296,24.2416461341806,8.09948539258574e-130,5.59473337231822e-128,"LAGE3","protein_coding"
"ENSG00000134460.18",419.511243176673,2.23438777120964,0.173719168423718,12.862068080822,7.35813119562322e-38,4.88994017918208e-37,"IL2RA","protein_coding"
"ENSG00000204839.9",646.007420021068,2.23417876801148,0.139937361557569,15.9655630429502,2.22029006935513e-57,2.78100272875362e-56,"MROH6","protein_coding"
"ENSG00000164434.12",2842.77631572759,2.23237053988978,0.284675283988387,7.84181369247651,4.4408492087198e-15,1.22144500140788e-14,"FABP7","protein_coding"
"ENSG00000163472.19",1680.03502473916,2.23125054359242,0.112246600334901,19.8781124500449,6.29581643987165e-88,1.7499022706019e-86,"TMEM79","protein_coding"
"ENSG00000175793.12",6511.43404159181,2.22951720727476,0.194086350051554,11.4872437277663,1.52913202011992e-30,7.84990678485126e-30,"SFN","protein_coding"
"ENSG00000196517.13",1895.61169075253,2.22804821787883,0.109589721331217,20.3308137917874,6.86543900467068e-92,2.11787967830757e-90,"SLC6A9","protein_coding"
"ENSG00000273802.2",498.254298745547,2.22661585251092,0.187855239567901,11.8528280479827,2.08048954301627e-32,1.14208480996425e-31,"H2BC8","protein_coding"
"ENSG00000175697.11",225.140544031684,2.22478553908955,0.138729962783375,16.0368062850526,7.06977325552752e-58,8.99260923660304e-57,"GPR156","protein_coding"
"ENSG00000116035.4",210.583714883532,2.22339563521964,0.145774880457769,15.2522549031605,1.59044350313891e-52,1.70841688945038e-51,"VAX2","protein_coding"
"ENSG00000228956.8",101.459208417756,2.21979140286349,0.180783293374466,12.2787419203915,1.17816080569153e-34,6.98466241872724e-34,"SATB1-AS1","lncRNA"
"ENSG00000123136.15",4477.86573708689,2.21897446606877,0.0768885214946339,28.8596323994035,3.83607098692929e-183,5.70220669645312e-181,"DDX39A","protein_coding"
"ENSG00000110660.15",1751.91652006582,2.21721459528079,0.103614685066035,21.3986520720274,1.37526684582883e-101,5.35347777059224e-100,"SLC35F2","protein_coding"
"ENSG00000280832.1",275.367888337234,2.21561861805843,0.0984410300375356,22.5070645564518,3.53943789680722e-112,1.70094952112174e-110,"GSEC","lncRNA"
"ENSG00000285906.2",133.162779405641,2.21097459871961,0.11591060359103,19.0748260316255,4.08780395134144e-81,9.6017480263732e-80,"AC083855.2","lncRNA"
"ENSG00000211659.2",3245.46708777714,2.20811427845303,0.252720786459826,8.73736707369755,2.38606193181775e-18,7.63801773677205e-18,"IGLV3-25","IG_V_gene"
"ENSG00000187715.13",111.791363891852,2.20706991200594,0.250717924746426,8.80300008161822,1.33206463651398e-18,4.31508685371756e-18,"KBTBD12","protein_coding"
"ENSG00000137648.19",223.995779888312,2.20425494984537,0.295325567087468,7.46381348416247,8.40535620293322e-14,2.17849591023715e-13,"TMPRSS4","protein_coding"
"ENSG00000211648.2",2156.21422181816,2.20364326359019,0.248015241674336,8.88511225646262,6.38562586832939e-19,2.09247588968252e-18,"IGLV1-47","IG_V_gene"
"ENSG00000276980.1",189.761138342007,2.20325815524487,0.222458519571958,9.9041302598087,3.99430225945876e-23,1.55505484293013e-22,"AC008760.2","lncRNA"
"ENSG00000225431.1",178.013356230768,2.20212564180937,0.232775208185792,9.46031005179777,3.07031439757263e-21,1.11209046574286e-20,"LINC01671","lncRNA"
"ENSG00000257167.2",172.503123321183,2.19990483486955,0.0911961002331953,24.1227950454485,1.44139550114473e-128,9.6915470458343e-127,"TMPO-AS1","lncRNA"
"ENSG00000161682.15",309.558734737899,2.19987264747956,0.14669876349772,14.9958499651141,7.81557305978197e-51,7.96369077502784e-50,"FAM171A2","protein_coding"
"ENSG00000171102.14",419.775523230179,2.19875165041752,0.266615641614597,8.24689668281316,1.62560847831583e-16,4.79756218943545e-16,"OBP2B","protein_coding"
"ENSG00000188095.6",160.016633931772,2.19797258092921,0.171787178082199,12.7947417581858,1.7543466873316e-37,1.15198806727249e-36,"MESP2","protein_coding"
"ENSG00000135116.9",290.375500691421,2.19759957721826,0.185984354458627,11.8160454066964,3.22512042501148e-32,1.7567550164909e-31,"HRK","protein_coding"
"ENSG00000143632.14",254.119672588386,2.19712043490016,0.260887357079018,8.42172062111344,3.70994903413537e-17,1.12410566058274e-16,"ACTA1","protein_coding"
"ENSG00000159871.15",657.651757399275,2.19254912356122,0.153474493644895,14.2860814946507,2.67228474589827e-46,2.33663098715741e-45,"LYPD5","protein_coding"
"ENSG00000163918.11",1894.02498056329,2.18902472244092,0.0747573808654003,29.2817203746374,1.77270340375388e-188,2.78525689199133e-186,"RFC4","protein_coding"
"ENSG00000160117.16",116.784973421836,2.1841155276243,0.144792858642248,15.0844147156511,2.05085153875632e-51,2.12325100926072e-50,"ANKLE1","protein_coding"
"ENSG00000139618.16",783.157902008728,2.18387060274656,0.108101427457223,20.2020514817969,9.39136362785096e-91,2.82523522471183e-89,"BRCA2","protein_coding"
"ENSG00000182325.11",1053.43081607507,2.18302682664117,0.0955677646860373,22.8427109686297,1.72673559486324e-115,8.85981898115614e-114,"FBXL6","protein_coding"
"ENSG00000181544.15",174.626334865856,2.18035604815896,0.0886578126303037,24.5929375367164,1.5032534679916e-133,1.10911577039848e-131,"FANCB","protein_coding"
"ENSG00000180596.7",248.797408023929,2.17983400813266,0.177632194078182,12.2716156237604,1.28660148202309e-34,7.61563602203166e-34,"H2BC4","protein_coding"
"ENSG00000141639.12",643.189668927295,2.17949462912823,0.204969800565972,10.6332475472489,2.08715488857668e-26,9.24494373958507e-26,"MAPK4","protein_coding"
"ENSG00000110427.17",1655.32960424466,2.17935306353042,0.153175032029008,14.2278609944583,6.15353210586068e-46,5.32077865919929e-45,"KIAA1549L","protein_coding"
"ENSG00000159147.18",1089.08353759486,2.17928427385493,0.0709146378261766,30.7310922068969,2.18797789208708e-207,4.14676509997805e-205,"DONSON","protein_coding"
"ENSG00000243449.6",166.90497977335,2.17916972589316,0.151207968682088,14.4117386463595,4.36580021608906e-47,3.91450401397648e-46,"C4orf48","protein_coding"
"ENSG00000040608.14",415.930102681634,2.17897340855048,0.126324745122147,17.2489832173702,1.1388594964106e-66,1.83989213474455e-65,"RTN4R","protein_coding"
"ENSG00000143401.15",8513.61764242345,2.17761555203362,0.0810999309806414,26.8510160946181,8.20726619538615e-159,9.25193829401076e-157,"ANP32E","protein_coding"
"ENSG00000083454.22",102.426748058404,2.17724639234483,0.194632714241218,11.186435953652,4.75150833856663e-29,2.31759271125454e-28,"P2RX5","protein_coding"
"ENSG00000137673.9",17468.8568681743,2.17722219445115,0.215748726373094,10.0914718295305,6.02591261928812e-24,2.43607218060649e-23,"MMP7","protein_coding"
"ENSG00000104044.16",196.000420165754,2.17681743771401,0.22041187229685,9.87613514204114,5.28313583770368e-23,2.04762028556399e-22,"OCA2","protein_coding"
"ENSG00000185480.12",325.422732207004,2.17297109179319,0.0814125386160957,26.6908651754483,6.00868638266972e-157,6.67426395121159e-155,"PARPBP","protein_coding"
"ENSG00000160886.13",288.899460598272,2.17081653063551,0.211635836952392,10.2573201301623,1.09709139870484e-24,4.5585365270383e-24,"LY6K","protein_coding"
"ENSG00000065600.13",995.172645721981,2.16797289305183,0.0727594880969024,29.796428613743,4.34580486923653e-195,7.32123260304047e-193,"PACC1","protein_coding"
"ENSG00000135919.14",5017.40239399643,2.16783207456674,0.140537605849933,15.4252810943824,1.1067224271153e-53,1.23838564132267e-52,"SERPINE2","protein_coding"
"ENSG00000173391.9",827.140461123826,2.16649834563235,0.158835684491633,13.6398716230954,2.31968577613749e-42,1.79719344597837e-41,"OLR1","protein_coding"
"ENSG00000163599.17",180.599555843969,2.16609039096028,0.164749090664953,13.1478139406876,1.75165764842788e-39,1.22842892069674e-38,"CTLA4","protein_coding"
"ENSG00000261437.1",188.753403318717,2.16502806468336,0.138026643147244,15.6855808075674,1.89818910335222e-55,2.24495656669472e-54,"AC108860.2","lncRNA"
"ENSG00000137310.12",2635.43758480173,2.16453236608669,0.0828689887565532,26.11993217928,2.16492335605397e-150,2.16663814683104e-148,"TCF19","protein_coding"
"ENSG00000237289.10",314.588623094866,2.15978897639833,0.200652956724529,10.7638033929569,5.10200229081794e-27,2.31122075689817e-26,"CKMT1B","protein_coding"
"ENSG00000139354.11",736.55632529335,2.15758020869347,0.0916936903256203,23.5303018237299,1.99760901899324e-122,1.15602091396853e-120,"GAS2L3","protein_coding"
"ENSG00000082684.16",276.228118173628,2.15652221132533,0.155302590734336,13.885938419497,7.70841446260304e-44,6.25334296853864e-43,"SEMA5B","protein_coding"
"ENSG00000176678.6",257.410789516933,2.15356469995481,0.148329775074184,14.518761987455,9.2159674744451e-48,8.46350689567151e-47,"FOXL1","protein_coding"
"ENSG00000187840.5",4046.6856343303,2.14772821196308,0.12018495499969,17.8701919218477,2.01300622966301e-71,3.69506058766956e-70,"EIF4EBP1","protein_coding"
"ENSG00000151224.13",172.560767803958,2.14630471409026,0.209430186641387,10.2483063617063,1.20435258390933e-24,4.99600379678063e-24,"MAT1A","protein_coding"
"ENSG00000272079.2",156.60754981148,2.14507226427163,0.165530882975157,12.9587435632393,2.09653363259546e-38,1.41467035769525e-37,"AC004233.2","lncRNA"
"ENSG00000153898.13",309.274620445525,2.14478513409768,0.120979772674277,17.728460606983,2.52863428063842e-70,4.51580129128854e-69,"MCOLN2","protein_coding"
"ENSG00000154548.9",259.301958641618,2.14468509938438,0.123726191586659,17.3341236150652,2.59999949894046e-67,4.27793731990617e-66,"SRSF12","protein_coding"
"ENSG00000177335.11",142.930352203192,2.14422596727432,0.206708053207994,10.3732096258328,3.28308576302489e-25,1.38909296327566e-24,"C8orf31","lncRNA"
"ENSG00000113810.16",3962.0640245337,2.1423426294113,0.0969999742609216,22.0860123493289,4.30787097302205e-108,1.88774392176186e-106,"SMC4","protein_coding"
"ENSG00000008300.17",507.889792564558,2.14163174610518,0.133688719617864,16.0195396606896,9.33387158203156e-58,1.18476484660329e-56,"CELSR3","protein_coding"
"ENSG00000203995.10",364.389305196581,2.13943665053789,0.148850441486427,14.3730621768628,7.6378082040689e-47,6.79404212320872e-46,"ZYG11A","protein_coding"
"ENSG00000223572.10",257.348354816363,2.13828714067547,0.204570427526045,10.4525720874452,1.42604378374393e-25,6.12165227891434e-25,"CKMT1A","protein_coding"
"ENSG00000158089.15",718.668232456144,2.13580373847074,0.169164349999568,12.6256137210718,1.52547475690327e-36,9.69373355581201e-36,"GALNT14","protein_coding"
"ENSG00000121690.11",156.567709530882,2.13556932326866,0.111786690169927,19.1039677444818,2.34009574664967e-81,5.53087010299335e-80,"DEPDC7","protein_coding"
"ENSG00000178896.9",1353.92876512902,2.1352859261725,0.109179704231148,19.5575353607096,3.55867640565551e-85,9.24706969366732e-84,"EXOSC4","protein_coding"
"ENSG00000117215.15",383.151576020613,2.13210021258769,0.254294341496347,8.38437929857876,5.09941153343881e-17,1.53529145492453e-16,"PLA2G2D","protein_coding"
"ENSG00000244437.1",2750.39009337809,2.13104378118884,0.234575936117171,9.08466493393588,1.04018572741878e-19,3.53418397739464e-19,"IGKV3-15","IG_V_gene"
"ENSG00000186810.8",280.434347240219,2.13053918004057,0.171887284969256,12.3949783744716,2.78220778595656e-35,1.68769091621018e-34,"CXCR3","protein_coding"
"ENSG00000213468.7",420.719309259627,2.12976002065582,0.180078247866701,11.8268588565584,2.83555454762387e-32,1.54705570532829e-31,"FIRRE","lncRNA"
"ENSG00000240204.3",159.91073835197,2.12898700209915,0.159529859399135,13.3453825516923,1.26021968902073e-40,9.20619172485297e-40,"SMKR1","protein_coding"
"ENSG00000107954.10",235.512788778162,2.1287995210422,0.230776771609898,9.22449649586352,2.84896224045613e-20,9.92098426499675e-20,"NEURL1","protein_coding"
"ENSG00000228594.4",1013.87043613739,2.12650002859311,0.146351330939931,14.5301037915803,7.81020067194477e-48,7.18993701202347e-47,"FNDC10","protein_coding"
"ENSG00000162004.18",124.044065763152,2.12533479714065,0.162011112611494,13.1184507215702,2.58158672141744e-39,1.79715417218233e-38,"CCDC78","protein_coding"
"ENSG00000127586.17",1117.90907920497,2.1252675870957,0.106859143606681,19.888495409604,5.11879074769091e-88,1.42930212369226e-86,"CHTF18","protein_coding"
"ENSG00000150337.13",268.528771783399,2.1230738195046,0.138776107642546,15.2985543085927,7.81738666107064e-53,8.4783416706118e-52,"FCGR1A","protein_coding"
"ENSG00000283709.1",108.561235083385,2.11849275182766,0.187311790507497,11.3099807870497,1.17115167766969e-29,5.8353604130226e-29,"FAM238C","transcribed_unprocessed_pseudogene"
"ENSG00000135094.11",450.696933347938,2.11823201578885,0.146002591310791,14.508180962897,1.07534567166051e-47,9.84862040091612e-47,"SDS","protein_coding"
"ENSG00000239672.8",1229.78386246553,2.11648227094237,0.0968249447511173,21.8588533810441,6.40324481214337e-106,2.70058408460967e-104,"NME1","protein_coding"
"ENSG00000120254.16",2318.75290458358,2.11237564897826,0.0816044396392357,25.8855481186666,9.68743815616967e-148,9.26693610875991e-146,"MTHFD1L","protein_coding"
"ENSG00000211955.2",1266.15832766212,2.11199262074956,0.255217608968022,8.27526215487032,1.28173304399869e-16,3.79674443940767e-16,"IGHV3-33","IG_V_gene"
"ENSG00000157087.20",200.596630530657,2.11080688240888,0.241246353794404,8.74959081954773,2.14127739086761e-18,6.86821404703505e-18,"ATP2B2","protein_coding"
"ENSG00000143256.5",3880.17462488502,2.11043891821449,0.0960955172203659,21.9618872894439,6.66717165683615e-107,2.86367299322804e-105,"PFDN2","protein_coding"
"ENSG00000054598.9",5290.40074760964,2.11012629349185,0.110578913681163,19.0825377393023,3.52710232461916e-81,8.30402569035336e-80,"FOXC1","protein_coding"
"ENSG00000277075.2",287.408252277909,2.11001611328657,0.205037150436429,10.2908965950576,7.74517800160469e-25,3.23772784285444e-24,"H2AC8","protein_coding"
"ENSG00000120334.15",808.386590841502,2.10876339551722,0.0640892330852361,32.9035517200315,1.95524526717762e-237,5.06759465657214e-235,"CENPL","protein_coding"
"ENSG00000129988.6",1280.43633252044,2.10585170249857,0.297791147289414,7.07157254897158,1.53187678380414e-12,3.72425491798899e-12,"LBP","protein_coding"
"ENSG00000099985.4",188.025140418429,2.10521427909953,0.156477846235646,13.45375290972,2.9263480259459e-41,2.1792381517383e-40,"OSM","protein_coding"
"ENSG00000069812.11",296.970375559582,2.10446516693687,0.227014502669988,9.27017940345484,1.85833087386473e-20,6.52524611151855e-20,"HES2","protein_coding"
"ENSG00000074803.20",150.010795308809,2.1031252607077,0.255842181772468,8.22040074133712,2.02824294001856e-16,5.95396310872437e-16,"SLC12A1","protein_coding"
"ENSG00000138092.11",705.107986598354,2.102575961613,0.0611719830946853,34.3715514070963,6.71202552583355e-259,2.03535462045377e-256,"CENPO","protein_coding"
"ENSG00000054967.13",353.747898198338,2.10232300656762,0.0879446014358067,23.9050831119198,2.71175931233808e-126,1.70959229495509e-124,"RELT","protein_coding"
"ENSG00000279369.1",151.281666121119,2.10178580079769,0.123204181008102,17.0593707421298,2.97745182271483e-65,4.63254228178576e-64,"AC046185.3","TEC"
"ENSG00000008517.18",4087.47082767026,2.09949600301947,0.144544064518679,14.5249547950007,8.41978256977307e-48,7.73467090717354e-47,"IL32","protein_coding"
"ENSG00000186407.7",223.720591493573,2.09938107098917,0.154600377116067,13.5794045923514,5.30559739729901e-42,4.05256764422406e-41,"CD300E","protein_coding"
"ENSG00000168062.10",650.056002117934,2.0991360764879,0.170300979052341,12.3260364571524,6.55946297879731e-35,3.92790591171109e-34,"BATF2","protein_coding"
"ENSG00000211966.2",3653.20382824202,2.0978701685712,0.25543353064285,8.21297878665924,2.15767678642385e-16,6.32657038015053e-16,"IGHV5-51","IG_V_gene"
"ENSG00000154277.13",2864.26638099276,2.09757766487059,0.205641220361799,10.200180981129,1.97903377323764e-24,8.13945749893643e-24,"UCHL1","protein_coding"
"ENSG00000160932.11",32179.4110376799,2.09668835150015,0.133486736490442,15.7070912558438,1.35243354682111e-55,1.60702174270389e-54,"LY6E","protein_coding"
"ENSG00000160781.17",379.668160099519,2.09490891816101,0.148569062285739,14.1005730663624,3.76698218091602e-45,3.18544248895978e-44,"PAQR6","protein_coding"
"ENSG00000139055.7",1245.62635627265,2.09470337503282,0.167133838222472,12.5330896323015,4.92076417965749e-36,3.05710413816705e-35,"ERP27","protein_coding"
"ENSG00000119888.11",16116.765890404,2.09199439757583,0.14139587581748,14.7952999723717,1.57082469311319e-49,1.52135701034699e-48,"EPCAM","protein_coding"
"ENSG00000101224.17",5137.87101297128,2.09005016257265,0.0962812822215863,21.7077516454601,1.73331744992584e-104,7.05518367134916e-103,"CDC25B","protein_coding"
"ENSG00000162063.13",1361.29642304958,2.08676074641711,0.075746513686426,27.5492645781144,4.5160632945804e-167,5.61250423544492e-165,"CCNF","protein_coding"
"ENSG00000065911.13",5024.71674457332,2.08514762111309,0.0776213558097754,26.8630662188265,5.93544355342987e-159,6.74106330764821e-157,"MTHFD2","protein_coding"
"ENSG00000090382.7",7836.51722608102,2.0805322508394,0.194192988256234,10.7137351843733,8.77484262275364e-27,3.9414653783496e-26,"LYZ","protein_coding"
"ENSG00000176692.8",336.598484894568,2.07670872291166,0.203881797759696,10.1858466313866,2.29354669792862e-24,9.3998526919837e-24,"FOXC2","protein_coding"
"ENSG00000225614.4",1937.32524744222,2.07535850939065,0.13175051983588,15.7521845984053,6.63490718793596e-56,7.94302903935926e-55,"ZNF469","protein_coding"
"ENSG00000143847.15",294.162666278543,2.07493915929648,0.133048922433324,15.5953097653708,7.83424908241891e-55,9.07779018629236e-54,"PPFIA4","protein_coding"
"ENSG00000138623.10",700.844823901962,2.07244701278617,0.10706251137913,19.3573547462119,1.7673060260905e-83,4.3963730873805e-82,"SEMA7A","protein_coding"
"ENSG00000211949.3",4673.33468696009,2.0723133620052,0.241821484708052,8.56959986209282,1.03845235180928e-17,3.22842209516758e-17,"IGHV3-23","IG_V_gene"
"ENSG00000134326.11",1335.34184067723,2.07030528620578,0.144968183663492,14.281101093268,2.87030178871943e-46,2.50616272505407e-45,"CMPK2","protein_coding"
"ENSG00000183684.8",4152.95610998832,2.06949293281179,0.0779690396017181,26.5424961418428,3.13517761804983e-155,3.39539736034796e-153,"ALYREF","protein_coding"
"ENSG00000167702.13",856.284389794087,2.06846411953499,0.125862347529,16.4343360833818,1.0860761325463e-60,1.50178625824596e-59,"KIFC2","protein_coding"
"ENSG00000160678.12",301.019259669649,2.06641123797989,0.191150325363495,10.8103987479507,3.07331245706589e-27,1.40523412165359e-26,"S100A1","protein_coding"
"ENSG00000132692.19",231.804748035006,2.06304316597906,0.243076636235566,8.48721291329602,2.11651782695804e-17,6.48557867670529e-17,"BCAN","protein_coding"
"ENSG00000143320.9",21690.7711849598,2.06274671825632,0.183892129142146,11.2171561005846,3.35899198818503e-29,1.64818888429972e-28,"CRABP2","protein_coding"
"ENSG00000213347.10",458.897306981885,2.06207555279464,0.111499528691921,18.4940293200007,2.30657760734407e-76,4.80389143991083e-75,"MXD3","protein_coding"
"ENSG00000112242.15",2787.6159985297,2.06109787630452,0.0782422278319805,26.3425254292424,6.25126845090836e-153,6.51420840224553e-151,"E2F3","protein_coding"
"ENSG00000105219.10",177.136692388391,2.06072982071514,0.181054488321358,11.3818212396784,5.15125786262311e-30,2.59695334041867e-29,"CCNP","protein_coding"
"ENSG00000134757.5",5614.00970878146,2.06013513954083,0.282983090269413,7.28006446455684,3.33660697605431e-13,8.38965754078531e-13,"DSG3","protein_coding"
"ENSG00000167553.16",4427.83581746031,2.05932036103898,0.0709685288257988,29.0173742518159,3.9723891794766e-185,6.05320248635419e-183,"TUBA1C","protein_coding"
"ENSG00000254389.3",261.325600670261,2.05706258866663,0.107555234677296,19.1256389783217,1.54468939933143e-81,3.68248123784012e-80,"RHPN1-AS1","lncRNA"
"ENSG00000165905.18",2230.7180942142,2.05474302605547,0.164392260974361,12.4990252818284,7.55721829809191e-36,4.67016685696636e-35,"LARGE2","protein_coding"
"ENSG00000128408.9",188.361541466154,2.05379174029803,0.124359654554246,16.5149360349997,2.86464540685054e-61,4.01792355769361e-60,"RIBC2","protein_coding"
"ENSG00000253522.6",123.056958879953,2.05235834079017,0.163860642809769,12.5250231269556,5.44754697236346e-36,3.37676644296708e-35,"MIR3142HG","lncRNA"
"ENSG00000181649.8",571.881226228442,2.05173543876971,0.157043467694418,13.06476142492,5.23484835166442e-39,3.61186669888218e-38,"PHLDA2","protein_coding"
"ENSG00000146232.17",1651.94758200023,2.0515794158048,0.0942219808719218,21.7738939132851,4.10253621932768e-105,1.69489520864976e-103,"NFKBIE","protein_coding"
"ENSG00000104369.5",573.905401866157,2.04962374414063,0.11938182738389,17.1686410658614,4.55970520537863e-66,7.23161614267268e-65,"JPH1","protein_coding"
"ENSG00000104413.18",9209.9586151265,2.04884968060228,0.132784343836303,15.4299040188662,1.03023311022264e-53,1.15450069602333e-52,"ESRP1","protein_coding"
"ENSG00000267383.7",149.118300384223,2.04748840294255,0.160614302086528,12.7478585427561,3.20426725696774e-37,2.0837701115224e-36,"AC011447.3","lncRNA"
"ENSG00000163535.18",906.214103116431,2.04744665524698,0.0776023376825012,26.3838270391262,2.10093106518594e-153,2.1968494351965e-151,"SGO2","protein_coding"
"ENSG00000164032.12",9085.63673636841,2.04586668699448,0.0679747908514022,30.0974326124356,5.23505029415993e-199,9.12342902989114e-197,"H2AZ1","protein_coding"
"ENSG00000160856.21",146.705369179279,2.04484392741812,0.213723222606186,9.56771988781968,1.09289279386466e-21,4.04107804915888e-21,"FCRL3","protein_coding"
"ENSG00000158406.5",734.861633676394,2.04170986365323,0.170680475099614,11.9621758872046,5.60730790072919e-33,3.13893307701148e-32,"H4C8","protein_coding"
"ENSG00000100092.24",464.30328349451,2.04150704587473,0.105794755849749,19.2968642866771,5.7068967137752e-83,1.40695882884975e-81,"SH3BP1","protein_coding"
"ENSG00000102524.11",1219.37809102326,2.03906456523644,0.150228156138064,13.5731184995873,5.78091597425438e-42,4.41451765306698e-41,"TNFSF13B","protein_coding"
"ENSG00000276529.1",174.580474051547,2.03906064711317,0.125611358498276,16.2330912704933,2.94259450501794e-59,3.92225212176545e-58,"AP001505.1","lncRNA"
"ENSG00000114115.10",3986.47673499759,2.0383672584604,0.174959154395441,11.650532179947,2.28030301440227e-31,1.20445756155259e-30,"RBP1","protein_coding"
"ENSG00000213967.11",274.594386021043,2.0375588139101,0.13372135380645,15.2373480817378,1.99817454061986e-52,2.13655305958239e-51,"ZNF726","protein_coding"
"ENSG00000211947.2",3314.86083452276,2.03600157606919,0.253762041267178,8.02327080087424,1.02966013531884e-15,2.92463600069394e-15,"IGHV3-21","IG_V_gene"
"ENSG00000142530.11",251.226756087648,2.03141471029242,0.15777167476117,12.8756617014272,6.17079444708525e-38,4.11079021997832e-37,"FAM71E1","protein_coding"
"ENSG00000243364.8",1495.28869569858,2.02893474080376,0.0983589481933535,20.62786129855,1.54326049421988e-94,5.09225584621586e-93,"EFNA4","protein_coding"
"ENSG00000261373.1",363.604858535501,2.02774787929834,0.157669428435367,12.8607549315089,7.48421279816723e-38,4.96828522091995e-37,"VPS9D1-AS1","lncRNA"
"ENSG00000221955.11",1379.71660763463,2.02659293122999,0.0899310982211637,22.5349514385566,1.88644443836758e-112,9.12353128374139e-111,"SLC12A8","protein_coding"
"ENSG00000163545.11",413.621074022102,2.02592383253405,0.115569828718862,17.5298679161528,8.47661496359022e-69,1.45223091613508e-67,"NUAK2","protein_coding"
"ENSG00000272398.6",65229.1632076429,2.0255586010238,0.149241997976909,13.5723095943623,5.8450792313989e-42,4.46239130445469e-41,"CD24","protein_coding"
"ENSG00000177542.11",2047.06492831389,2.02425375451024,0.109045855507998,18.5633259061531,6.36400163836906e-77,1.34108398667063e-75,"SLC25A22","protein_coding"
"ENSG00000182272.12",1437.4361181219,2.02299709866805,0.152857112583225,13.2345630797298,5.54180688178679e-40,3.95132264009646e-39,"B4GALNT4","protein_coding"
"ENSG00000241106.8",274.181441222074,2.02212192646779,0.136305902231083,14.8351750978445,8.6777205919303e-50,8.49397027855696e-49,"HLA-DOB","protein_coding"
"ENSG00000248485.2",279.384914917161,2.02169564639255,0.222651105533341,9.08010603203498,1.084691314533e-19,3.68374727538343e-19,"PCP4L1","protein_coding"
"ENSG00000126353.3",444.896266954057,2.01932608502876,0.189304144097787,10.6670992051059,1.45085208632315e-26,6.46234410482716e-26,"CCR7","protein_coding"
"ENSG00000211663.2",3509.01374333496,2.01686711929481,0.252833019539941,7.97707167744441,1.49845815263805e-15,4.23044828420036e-15,"IGLV3-19","IG_V_gene"
"ENSG00000144119.4",147.893713251835,2.01683790990354,0.264096841844031,7.63673619048667,2.22797350974401e-14,5.93891250962353e-14,"C1QL2","protein_coding"
"ENSG00000143321.19",31153.0661708671,2.01556219125152,0.0600780682020633,33.5490512856121,9.29438496543129e-247,2.58571495130035e-244,"HDGF","protein_coding"
"ENSG00000176490.5",1208.37979492652,2.01093427355711,0.139654953543682,14.3993050194823,5.22664390877419e-47,4.67254569250202e-46,"DIRAS1","protein_coding"
"ENSG00000164430.16",840.652753789636,2.00999681631553,0.0976724502315381,20.578953548833,4.23730050293458e-94,1.38610464348423e-92,"CGAS","protein_coding"
"ENSG00000114805.18",1348.0614363323,2.00943880303973,0.151890955902705,13.2294828951297,5.92939025890928e-40,4.22171472672376e-39,"PLCH1","protein_coding"
"ENSG00000117228.10",8228.78892358734,2.00718686710962,0.134461263657821,14.9276216250469,2.17900408148119e-50,2.18073002530811e-49,"GBP1","protein_coding"
"ENSG00000169429.11",637.10133039424,2.00690158538311,0.205267774553914,9.77699295344576,1.4134763635601e-22,5.39419295854472e-22,"CXCL8","protein_coding"
"ENSG00000140511.12",4128.21362043974,2.00526846123547,0.133752169661452,14.9924181888872,8.23012896474544e-51,8.37765796330784e-50,"HAPLN3","protein_coding"
"ENSG00000187773.8",102.740693625628,2.00402783316014,0.239522868567348,8.36674946800188,5.92294451230801e-17,1.77881914817498e-16,"DIPK1C","protein_coding"
"ENSG00000141433.13",236.760501256048,2.00351349442553,0.283308893210234,7.07183410913542,1.52899143739278e-12,3.71783628798802e-12,"ADCYAP1","protein_coding"
